-- phpMyAdmin SQL Dump
-- version 2.10.3
-- http://www.phpmyadmin.net
-- 
-- Host: localhost
-- Generation Time: May 06, 2015 at 12:32 PM
-- Server version: 5.0.51
-- PHP Version: 5.2.6

SET SQL_MODE="NO_AUTO_VALUE_ON_ZERO";

-- 
-- Database: `nguansoon`
-- 

-- --------------------------------------------------------

-- 
-- Table structure for table `administrator`
-- 

CREATE TABLE `administrator` (
  `admin_id` int(11) NOT NULL auto_increment,
  `admin_username` varchar(255) NOT NULL default 'admin',
  `admin_password` varchar(255) NOT NULL default 'utip2012',
  `admin_status` enum('approved','pending','discard') NOT NULL default 'approved',
  `admin_createdtime` datetime NOT NULL default '0000-00-00 00:00:00',
  `admin_createdip` varchar(15) NOT NULL default '000.000.000.000',
  `admin_updatedtime` datetime NOT NULL default '0000-00-00 00:00:00',
  `admin_updatedip` varchar(15) NOT NULL default '000.000.000.000',
  `permission` varchar(255) NOT NULL default '533',
  PRIMARY KEY  (`admin_id`)
) ENGINE=MyISAM  DEFAULT CHARSET=utf8 AUTO_INCREMENT=2 ;

-- 
-- Dumping data for table `administrator`
-- 

INSERT INTO `administrator` VALUES (1, 'admin', '81dc9bdb52d04dc20036dbd8313ed055', 'approved', '2012-04-24 13:20:14', '127.0.0.1', '0000-00-00 00:00:00', '000.000.000.000', '777');

-- --------------------------------------------------------

-- 
-- Table structure for table `banner`
-- 

CREATE TABLE `banner` (
  `banner_id` int(11) NOT NULL auto_increment,
  `category_id` int(11) NOT NULL default '0',
  `banner_value` varchar(255) default NULL,
  `banner_url` varchar(255) default NULL,
  `banner_order` int(11) NOT NULL default '0',
  `banner_caption` text,
  `banner_status` enum('approved','pending','discard') NOT NULL default 'approved',
  `banner_createdtime` datetime NOT NULL default '0000-00-00 00:00:00',
  `banner_createdip` varchar(15) NOT NULL default '000.000.000.000',
  `banner_createdid` int(11) NOT NULL default '0',
  `banner_updatedtime` datetime NOT NULL default '0000-00-00 00:00:00',
  `banner_updatedip` varchar(15) NOT NULL default '000.000.000.000',
  `banner_updatedid` int(11) NOT NULL default '0',
  PRIMARY KEY  (`banner_id`),
  KEY `category` (`category_id`)
) ENGINE=MyISAM  DEFAULT CHARSET=utf8 AUTO_INCREMENT=14 ;

-- 
-- Dumping data for table `banner`
-- 

INSERT INTO `banner` VALUES (1, 2, '229664416f08bb4c461affd2703e32f41.jpg', 'index.php?page=#1', 1, 'point111', 'discard', '2015-04-02 00:00:00', '127.0.0.1', 0, '2015-04-02 00:00:00', '127.0.0.1', 0);
INSERT INTO `banner` VALUES (2, 2, '8a20e734d5ceee878737cb66e7db2ecb2.jpg', 'index.php?page=#', 2, 'test', 'discard', '2015-04-02 00:00:00', '127.0.0.1', 0, '0000-00-00 00:00:00', '000.000.000.000', 0);
INSERT INTO `banner` VALUES (3, 1, '5c1da01f8b322b282a47b5bc243cd6c83.jpg', 'index.php?page=#', 1, 'test2', 'discard', '2015-04-02 00:00:00', '127.0.0.1', 0, '2015-04-02 00:00:00', '127.0.0.1', 0);
INSERT INTO `banner` VALUES (4, 0, 'e3f984b29aba2c3e7c6d842ec56d096f4.jpg', 'index.php?page=#', 1, 'test345', 'pending', '2015-04-02 00:00:00', '127.0.0.1', 0, '0000-00-00 00:00:00', '000.000.000.000', 0);
INSERT INTO `banner` VALUES (5, 0, 'e3f984b29aba2c3e7c6d842ec56d096f5.jpg', 'index.php?page=#', 1, 'test5666', 'approved', '2015-04-02 00:00:00', '127.0.0.1', 0, '0000-00-00 00:00:00', '000.000.000.000', 0);
INSERT INTO `banner` VALUES (6, 0, 'e3f984b29aba2c3e7c6d842ec56d096f6.jpg', 'index.php?page=#', 1, 'rwera', 'approved', '2015-04-02 00:00:00', '127.0.0.1', 0, '0000-00-00 00:00:00', '000.000.000.000', 0);
INSERT INTO `banner` VALUES (7, 1, 'e3f984b29aba2c3e7c6d842ec56d096f7.jpg', 'index.php?page=#', 2, 'test345', 'discard', '2015-04-02 00:00:00', '127.0.0.1', 0, '0000-00-00 00:00:00', '000.000.000.000', 0);
INSERT INTO `banner` VALUES (8, 3, '3c8abdee8b0a00f54adc2a9805ad858a8.jpg', '#', 1, 'home', 'approved', '2015-04-27 00:00:00', '127.0.0.1', 0, '0000-00-00 00:00:00', '000.000.000.000', 0);
INSERT INTO `banner` VALUES (9, 4, 'ac6d142a1b38766e37dcc5bc0c9abbc49.jpg', '#', 1, 'about', 'approved', '2015-04-27 00:00:00', '127.0.0.1', 0, '0000-00-00 00:00:00', '000.000.000.000', 0);
INSERT INTO `banner` VALUES (10, 5, 'd5f6b771f66d0f1e4eed3fda632352a210.jpg', '#', 1, 'product', 'approved', '2015-04-27 00:00:00', '127.0.0.1', 0, '0000-00-00 00:00:00', '000.000.000.000', 0);
INSERT INTO `banner` VALUES (11, 6, 'e8e05ffab3830da91a205d03352eb37911.jpg', '#', 1, 'eating', 'approved', '2015-04-27 00:00:00', '127.0.0.1', 0, '0000-00-00 00:00:00', '000.000.000.000', 0);
INSERT INTO `banner` VALUES (12, 7, '3223215331a50b3cb91f0bbb4337929412.jpg', '#', 1, 'spice', 'approved', '2015-04-27 00:00:00', '127.0.0.1', 0, '0000-00-00 00:00:00', '000.000.000.000', 0);
INSERT INTO `banner` VALUES (13, 8, 'd2acf89ea03f62171a302b6c410f8b6013.jpg', '#', 1, 'secret', 'approved', '2015-04-27 00:00:00', '127.0.0.1', 0, '0000-00-00 00:00:00', '000.000.000.000', 0);

-- --------------------------------------------------------

-- 
-- Table structure for table `banner_category`
-- 

CREATE TABLE `banner_category` (
  `category_id` int(11) NOT NULL auto_increment,
  `category_title_th` varchar(255) default NULL,
  `category_title_en` varchar(255) default NULL,
  `category_status` enum('approved','pending','discard') NOT NULL default 'approved',
  `category_createdtime` datetime NOT NULL default '0000-00-00 00:00:00',
  `category_createdip` varchar(15) NOT NULL default '000.000.000.000',
  `category_createdid` int(11) NOT NULL default '0',
  `category_updatedtime` datetime NOT NULL default '0000-00-00 00:00:00',
  `category_updatedip` varchar(15) NOT NULL default '000.000.000.000',
  `category_updatedid` int(11) NOT NULL default '0',
  PRIMARY KEY  (`category_id`)
) ENGINE=MyISAM  DEFAULT CHARSET=utf8 AUTO_INCREMENT=9 ;

-- 
-- Dumping data for table `banner_category`
-- 

INSERT INTO `banner_category` VALUES (1, 'สไลด์', 'slide', 'pending', '2015-03-30 00:00:00', '127.0.0.1', 0, '0000-00-00 00:00:00', '000.000.000.000', 0);
INSERT INTO `banner_category` VALUES (2, 'แบนเนอร์', 'banner', 'pending', '2015-03-30 00:00:00', '127.0.0.1', 0, '0000-00-00 00:00:00', '000.000.000.000', 0);
INSERT INTO `banner_category` VALUES (3, 'home', 'home', 'approved', '2015-04-27 00:00:00', '127.0.0.1', 0, '0000-00-00 00:00:00', '000.000.000.000', 0);
INSERT INTO `banner_category` VALUES (4, 'about', 'about', 'approved', '2015-04-27 00:00:00', '127.0.0.1', 0, '0000-00-00 00:00:00', '000.000.000.000', 0);
INSERT INTO `banner_category` VALUES (5, 'product', 'product', 'approved', '2015-04-27 00:00:00', '127.0.0.1', 0, '0000-00-00 00:00:00', '000.000.000.000', 0);
INSERT INTO `banner_category` VALUES (6, 'eating', 'eating', 'approved', '2015-04-27 00:00:00', '127.0.0.1', 0, '0000-00-00 00:00:00', '000.000.000.000', 0);
INSERT INTO `banner_category` VALUES (7, 'spice', 'spice', 'approved', '2015-04-27 00:00:00', '127.0.0.1', 0, '0000-00-00 00:00:00', '000.000.000.000', 0);
INSERT INTO `banner_category` VALUES (8, 'secret', 'secret', 'approved', '2015-04-27 00:00:00', '127.0.0.1', 0, '0000-00-00 00:00:00', '000.000.000.000', 0);

-- --------------------------------------------------------

-- 
-- Table structure for table `content`
-- 

CREATE TABLE `content` (
  `content_id` int(11) NOT NULL auto_increment,
  `category_id` int(11) NOT NULL default '0',
  `content_thumbnail` varchar(255) default NULL,
  `content_image` varchar(255) default NULL,
  `content_title_en` varchar(255) default NULL,
  `content_title_th` varchar(255) NOT NULL default 'Content Title',
  `content_sdesc_en` text,
  `content_sdesc_th` text,
  `content_desc_en` longtext,
  `content_desc_th` longtext,
  `content_status` enum('approved','pending','discard') NOT NULL default 'approved',
  `content_show` int(11) NOT NULL default '0',
  `content_createdtime` datetime NOT NULL default '0000-00-00 00:00:00',
  `content_createdip` varchar(15) NOT NULL default '000.000.000.000',
  `content_updatedtime` datetime NOT NULL default '0000-00-00 00:00:00',
  `content_updatedip` varchar(15) NOT NULL default '000.000.000.000',
  PRIMARY KEY  (`content_id`),
  KEY `category` (`category_id`)
) ENGINE=MyISAM  DEFAULT CHARSET=utf8 AUTO_INCREMENT=8 ;

-- 
-- Dumping data for table `content`
-- 

INSERT INTO `content` VALUES (1, 1, '1de0b4f0d139f781b3b4de87edb4de701.jpg', NULL, 'ส้มตำกุ้งสด', 'ส้มตำกุ้งสด', 'หากพูดถึงอาหารประจำชาติไทย แน่นอนว่า ณ วันนี้ส้มตำ\r\n                นับเป็นหนึ่งในอาหารไทยที่ขึ้นชื่อลือชาไปทั่วโลก ที่ในเมืองไทย\r\n                ยุคปัจจุบัน ส้มตำถือเป็นเมนูสำหรับทุกชนชั้น ไล่ไปตั้งแต่ยาจก\r\n                ยันเศรษฐีรวยล้นฟ้า', 'หากพูดถึงอาหารประจำชาติไทย แน่นอนว่า ณ วันนี้ส้มตำ\r\n                นับเป็นหนึ่งในอาหารไทยที่ขึ้นชื่อลือชาไปทั่วโลก ที่ในเมืองไทย\r\n                ยุคปัจจุบัน ส้มตำถือเป็นเมนูสำหรับทุกชนชั้น ไล่ไปตั้งแต่ยาจก\r\n                ยันเศรษฐีรวยล้นฟ้า', '<b>วิธ๊ทำ</b><br>\r\n                    1. นำ <l> ผงปรุงรสส้มตำไทย 1 ซอง (10 กรัม) </l> ละลายในน้ำอุ่น 1 ช้อนโต๊ะ คนจนกระทั่งละลายหมด<br>\r\n					2. เตรีมมะละกอดิบสับ 1/2 ถ้วยตวง เติมกุ้งสดต้มสุก กุ้งแห้ง ถั่วลิสงคั่ว และถั่วฝักยาวตามชอบ<br>\r\n					3. นำไปโขลกเบาๆ หรือคลุกเคล้าให้เข้ากัน ใส่จานเสิร์ฟพร้อมผักสด<br>', '<b>วิธ๊ทำ</b><br>\r\n                    1. นำ <l> ผงปรุงรสส้มตำไทย 1 ซอง (10 กรัม) </l> ละลายในน้ำอุ่น 1 ช้อนโต๊ะ คนจนกระทั่งละลายหมด<br>\r\n					2. เตรีมมะละกอดิบสับ 1/2 ถ้วยตวง เติมกุ้งสดต้มสุก กุ้งแห้ง ถั่วลิสงคั่ว และถั่วฝักยาวตามชอบ<br>\r\n					3. นำไปโขลกเบาๆ หรือคลุกเคล้าให้เข้ากัน ใส่จานเสิร์ฟพร้อมผักสด<br>', 'approved', 1, '2015-04-02 00:00:00', '127.0.0.1', '2015-04-24 00:00:00', '127.0.0.1');
INSERT INTO `content` VALUES (3, 3, '5384bc24f3978a3a114a64a85dbb34143.jpg', NULL, 'คั่วกลิ้ง + ผักสด', 'คั่วกลิ้ง + ผักสด', 'ร้านอาหารไทยประยุกต์กลางใจเมือง ที่ได้รับแรงบันดาลใจจากประโยคไทยๆ ว่า “ในน้ำมีปลา ในนามีข้าว”', 'ร้านอาหารไทยประยุกต์กลางใจเมือง ที่ได้รับแรงบันดาลใจจากประโยคไทยๆ ว่า “ในน้ำมีปลา ในนามีข้าว”', '<b>คุณบิ๊ก-วเรศรา สมิตะสิริ</b>\r\n        เจ้าของร้านคนสวยเล่าว่า พื้นเพของครอบครัวนั่นคือ คุณแม่แดง กับ คุณป้านุช เป็นคนชุมพร ทั้งคู่มีฝีมือ\r\n        การทำอาหารปักษ์ใต้สไตล์บ้านๆ โดยเน้นใส่ใจคัดสรรวัตถุดิบพิเศษ ใหม่ สด พร้อมทั้งเครื่องปรุง และเครื่องแกงรสดีจากชุมพร \r\n        ทางร้านมีจานเด็ดทั้งอาหารใต้ และภาคกลาง ซึ่งทุกจานรับรองความอร่อยแน่นอน แต่อาจจะลดทอนความเผ็ดร้อนลงมาให้คุ้นลิ้น\r\n        กับคนกรุงเทพฯ แรกเริ่มเปิดร้านเล็กๆ มีเพียงไม่กี่โต๊ะอยู่ที่ซอยสุขุมวิท 40 กระทั่งขยับขยายย้ายทำเลมาเปิดใหม่ภายในซอยทองหล่อ 5  \r\n        <br>\r\n	<img src="public/upload/picture/5384bc24f3978a3a114a64a85dbb34144.jpg" class="img-responsive">\r\n        <br>\r\n        ความโดดเด่นของอาหารใต้ร้านนี้คือความเป็นโฮมเมดของแท้ เน้นเลือกแต่ของดี ๆ แบบเดียวกับที่ทานกันเองในบ้าน ซึ่งคุณแม่แดงกับคุณป้านุช \r\n        คอยทำหน้าที่หิ้วตะกร้าไปจ่ายตลาดเองทุกวัน เครื่องแกงทุกอย่างจะโขลกเองแบบวันต่อวัน โดยใช้สูตรที่สืบทอดมาจากคุณยาย ส่วนวัตถุดิบ\r\n        ต่างๆ ที่เป็นของใต้นั้นจะต้องสั่งตรงจากชุมพรเลย โดยเฉพาะกะปิเป็นของที่ขาดไม่ได้สำหรับอาหารใต้\r\n        <br>\r\n        <img src="public/upload/picture/3c15133d6c009ad3863f666130e9268f5.jpg" class="img-responsive">\r\n        <br>\r\n        มาร้านนี้ต้อง <b style="color:#F00">คั่วกลิ้ง</b> (120 บาท) อร่อยเด็ดซะจนตั้งเป็นชื่อร้านเลยทีเดียว มีให้เลือกทั้งหมูสับ-เนื้อชิ้น และกระดูกอ่อน รสชาติเผ็ดร้อน\r\n        ด้วยพริกไทย สมุนไพรโขลกผสมในพริกแกงส่งกล่ินหอมฉุย เสิร์ฟพร้อมผักสดช่วยบรรเทาความเผ็ดลง, <b>สะตอผัดกะปิกุ้ง</b>(180 บาท) \r\n        สะตอเป็นพืชที่มีกลิ่นฉุน เค้ามีเคล็ดลับในการเลือกและผัด ให้สะตอยังเขียวสดกัดลงไปยังกรอบ เคล้ากับกล่ินและรสของกะปิหอมอย่างดี, \r\n        <b>แกงเหลืองปลา</b>(180 บาท) น้ำแกงรสเปรี้ยวนำ ใส่หน่อไม้กับช้ินเนื้อปลาสดหวาน, <b>ข้าวยำปักษ์ใต้</b> (120 บาท) ประกอบด้วย ข้าวสวย มะพร้าวคั่ว \r\n        กุ้งแห้งป่น และผักสดซอย ก่อนทานให้คลุกกับน้ำวูดูรสหวานเค็ม ส่วนเมนูภาคกลางก็รสชาติอร่อยไม่แพ้กัน แนะนำ กุ้งมะขาม (350 บาท) \r\n        กุ้งแม่น้ำสดตัวใหญ่เบิ้ม ทอดแล้วราดซอสมะขามสามรส ใครไม่มีเวลาแวะมาทานเอง สามารถสั่งแบบเดลิเวอรี่ได้ (คิดค่าจัดส่งตามระยะทาง) \r\n        แต่จะให้ดีลองมาเลือกเมนูอื่นๆ ที่ร้านเองจะดีกว่า \r\n        <br>\r\n        \r\n        <img src="public/upload/picture/3defa8871467c9e8bd15b076dfbfd4d76.jpg" class="img-responsive">\r\n        <br> \r\n        ร้านอยู่ในซอยทองหล่อ 5 สุขุมวิท 55 เข้ามาในซอยเล็กน้อย พอเห็นแยกขวามือแรกให้เลี้ยวเข้าไปนิดเดียว อยู่ซ้ายมือตรงข้ามสถานทูตเคนย่า\r\n        <br>\r\n        <img src="public/upload/picture/ebfdb231fb927da7dec168c947d4a32a7.jpg" class="img-responsive">\r\n        <br>\r\n        <b>Recommended Dishes</b>\r\n        คั่วกลิ้ง, สะตอผัดกะปิกุ้ง, แกงเหลืองปลา, ข้าวยำปักษ์ใต้, กุ้งมะขาม\r\n        <br><br>\r\n        <b>ที่ตั้ง</b>ตั้งอยู่ที่ 98/1 ซอยทองหล่อ 5 (ตรงข้ามสถานทูตเคนย่า) สุขุมวิท 55 แขวงคลองตันเหนือ วัฒนา กรุงเทพมหานคร 10110\r\n        <br><br>\r\n        <b>โทร.</b>02-185-3977, 086-053-7779\r\n        <br><br>\r\n        <b>เวลาเปิดบริการ</b>วันจันทร์หยุด  วันอังคาร-วันอาทิตย์ 11.00-14.00 น. 18.00-21.00 น.\r\n        <br>', '<b>คุณบิ๊ก-วเรศรา สมิตะสิริ</b>\r\n        เจ้าของร้านคนสวยเล่าว่า พื้นเพของครอบครัวนั่นคือ คุณแม่แดง กับ คุณป้านุช เป็นคนชุมพร ทั้งคู่มีฝีมือ\r\n        การทำอาหารปักษ์ใต้สไตล์บ้านๆ โดยเน้นใส่ใจคัดสรรวัตถุดิบพิเศษ ใหม่ สด พร้อมทั้งเครื่องปรุง และเครื่องแกงรสดีจากชุมพร \r\n        ทางร้านมีจานเด็ดทั้งอาหารใต้ และภาคกลาง ซึ่งทุกจานรับรองความอร่อยแน่นอน แต่อาจจะลดทอนความเผ็ดร้อนลงมาให้คุ้นลิ้น\r\n        กับคนกรุงเทพฯ แรกเริ่มเปิดร้านเล็กๆ มีเพียงไม่กี่โต๊ะอยู่ที่ซอยสุขุมวิท 40 กระทั่งขยับขยายย้ายทำเลมาเปิดใหม่ภายในซอยทองหล่อ 5  \r\n        <br>\r\n	<img src="public/upload/picture/5384bc24f3978a3a114a64a85dbb34144.jpg" class="img-responsive">\r\n        <br>\r\n        ความโดดเด่นของอาหารใต้ร้านนี้คือความเป็นโฮมเมดของแท้ เน้นเลือกแต่ของดี ๆ แบบเดียวกับที่ทานกันเองในบ้าน ซึ่งคุณแม่แดงกับคุณป้านุช \r\n        คอยทำหน้าที่หิ้วตะกร้าไปจ่ายตลาดเองทุกวัน เครื่องแกงทุกอย่างจะโขลกเองแบบวันต่อวัน โดยใช้สูตรที่สืบทอดมาจากคุณยาย ส่วนวัตถุดิบ\r\n        ต่างๆ ที่เป็นของใต้นั้นจะต้องสั่งตรงจากชุมพรเลย โดยเฉพาะกะปิเป็นของที่ขาดไม่ได้สำหรับอาหารใต้\r\n        <br>\r\n        <img src="public/upload/picture/3c15133d6c009ad3863f666130e9268f5.jpg" class="img-responsive">\r\n        <br>\r\n        มาร้านนี้ต้อง <b style="color:#F00">คั่วกลิ้ง</b> (120 บาท) อร่อยเด็ดซะจนตั้งเป็นชื่อร้านเลยทีเดียว มีให้เลือกทั้งหมูสับ-เนื้อชิ้น และกระดูกอ่อน รสชาติเผ็ดร้อน\r\n        ด้วยพริกไทย สมุนไพรโขลกผสมในพริกแกงส่งกล่ินหอมฉุย เสิร์ฟพร้อมผักสดช่วยบรรเทาความเผ็ดลง, <b>สะตอผัดกะปิกุ้ง</b>(180 บาท) \r\n        สะตอเป็นพืชที่มีกลิ่นฉุน เค้ามีเคล็ดลับในการเลือกและผัด ให้สะตอยังเขียวสดกัดลงไปยังกรอบ เคล้ากับกล่ินและรสของกะปิหอมอย่างดี, \r\n        <b>แกงเหลืองปลา</b>(180 บาท) น้ำแกงรสเปรี้ยวนำ ใส่หน่อไม้กับช้ินเนื้อปลาสดหวาน, <b>ข้าวยำปักษ์ใต้</b> (120 บาท) ประกอบด้วย ข้าวสวย มะพร้าวคั่ว \r\n        กุ้งแห้งป่น และผักสดซอย ก่อนทานให้คลุกกับน้ำวูดูรสหวานเค็ม ส่วนเมนูภาคกลางก็รสชาติอร่อยไม่แพ้กัน แนะนำ กุ้งมะขาม (350 บาท) \r\n        กุ้งแม่น้ำสดตัวใหญ่เบิ้ม ทอดแล้วราดซอสมะขามสามรส ใครไม่มีเวลาแวะมาทานเอง สามารถสั่งแบบเดลิเวอรี่ได้ (คิดค่าจัดส่งตามระยะทาง) \r\n        แต่จะให้ดีลองมาเลือกเมนูอื่นๆ ที่ร้านเองจะดีกว่า \r\n        <br>\r\n        \r\n        <img src="public/upload/picture/3defa8871467c9e8bd15b076dfbfd4d76.jpg" class="img-responsive">\r\n        <br> \r\n        ร้านอยู่ในซอยทองหล่อ 5 สุขุมวิท 55 เข้ามาในซอยเล็กน้อย พอเห็นแยกขวามือแรกให้เลี้ยวเข้าไปนิดเดียว อยู่ซ้ายมือตรงข้ามสถานทูตเคนย่า\r\n        <br>\r\n        <img src="public/upload/picture/ebfdb231fb927da7dec168c947d4a32a7.jpg" class="img-responsive">\r\n        <br>\r\n        <b>Recommended Dishes</b>\r\n        คั่วกลิ้ง, สะตอผัดกะปิกุ้ง, แกงเหลืองปลา, ข้าวยำปักษ์ใต้, กุ้งมะขาม\r\n        <br><br>\r\n        <b>ที่ตั้ง</b>ตั้งอยู่ที่ 98/1 ซอยทองหล่อ 5 (ตรงข้ามสถานทูตเคนย่า) สุขุมวิท 55 แขวงคลองตันเหนือ วัฒนา กรุงเทพมหานคร 10110\r\n        <br><br>\r\n        <b>โทร.</b>02-185-3977, 086-053-7779\r\n        <br><br>\r\n        <b>เวลาเปิดบริการ</b>วันจันทร์หยุด  วันอังคาร-วันอาทิตย์ 11.00-14.00 น. 18.00-21.00 น.\r\n        <br>', 'approved', 0, '2015-04-23 00:00:00', '127.0.0.1', '2015-04-23 00:00:00', '127.0.0.1');
INSERT INTO `content` VALUES (4, 3, '26d3b85eff1f4e6201510375aa62310d4.jpg', NULL, 'The Local อาหารไทย 4 ภาค', 'The Local อาหารไทย 4 ภาค', 'ร้านอาหารไทยประยุกต์กลางใจเมือง ที่ได้รับแรงบันดาลใจจากประโยคไทยๆ ว่า “ในน้ำมีปลา ในนามีข้าว”', 'ร้านอาหารไทยประยุกต์กลางใจเมือง ที่ได้รับแรงบันดาลใจจากประโยคไทยๆ ว่า “ในน้ำมีปลา ในนามีข้าว”', '<b>คุณบิ๊ก-วเรศรา สมิตะสิริ</b>\r\n        เจ้าของร้านคนสวยเล่าว่า พื้นเพของครอบครัวนั่นคือ คุณแม่แดง กับ คุณป้านุช เป็นคนชุมพร ทั้งคู่มีฝีมือ\r\n        การทำอาหารปักษ์ใต้สไตล์บ้านๆ โดยเน้นใส่ใจคัดสรรวัตถุดิบพิเศษ ใหม่ สด พร้อมทั้งเครื่องปรุง และเครื่องแกงรสดีจากชุมพร \r\n        ทางร้านมีจานเด็ดทั้งอาหารใต้ และภาคกลาง ซึ่งทุกจานรับรองความอร่อยแน่นอน แต่อาจจะลดทอนความเผ็ดร้อนลงมาให้คุ้นลิ้น\r\n        กับคนกรุงเทพฯ แรกเริ่มเปิดร้านเล็กๆ มีเพียงไม่กี่โต๊ะอยู่ที่ซอยสุขุมวิท 40 กระทั่งขยับขยายย้ายทำเลมาเปิดใหม่ภายในซอยทองหล่อ 5  \r\n        <br>\r\n	<img src="public/upload/picture/5384bc24f3978a3a114a64a85dbb34144.jpg" class="img-responsive">\r\n        <br>\r\n        ความโดดเด่นของอาหารใต้ร้านนี้คือความเป็นโฮมเมดของแท้ เน้นเลือกแต่ของดี ๆ แบบเดียวกับที่ทานกันเองในบ้าน ซึ่งคุณแม่แดงกับคุณป้านุช \r\n        คอยทำหน้าที่หิ้วตะกร้าไปจ่ายตลาดเองทุกวัน เครื่องแกงทุกอย่างจะโขลกเองแบบวันต่อวัน โดยใช้สูตรที่สืบทอดมาจากคุณยาย ส่วนวัตถุดิบ\r\n        ต่างๆ ที่เป็นของใต้นั้นจะต้องสั่งตรงจากชุมพรเลย โดยเฉพาะกะปิเป็นของที่ขาดไม่ได้สำหรับอาหารใต้\r\n        <br>\r\n        <img src="public/upload/picture/3c15133d6c009ad3863f666130e9268f5.jpg" class="img-responsive">\r\n        <br>\r\n        มาร้านนี้ต้อง <b style="color:#F00">คั่วกลิ้ง</b> (120 บาท) อร่อยเด็ดซะจนตั้งเป็นชื่อร้านเลยทีเดียว มีให้เลือกทั้งหมูสับ-เนื้อชิ้น และกระดูกอ่อน รสชาติเผ็ดร้อน\r\n        ด้วยพริกไทย สมุนไพรโขลกผสมในพริกแกงส่งกล่ินหอมฉุย เสิร์ฟพร้อมผักสดช่วยบรรเทาความเผ็ดลง, <b>สะตอผัดกะปิกุ้ง</b>(180 บาท) \r\n        สะตอเป็นพืชที่มีกลิ่นฉุน เค้ามีเคล็ดลับในการเลือกและผัด ให้สะตอยังเขียวสดกัดลงไปยังกรอบ เคล้ากับกล่ินและรสของกะปิหอมอย่างดี, \r\n        <b>แกงเหลืองปลา</b>(180 บาท) น้ำแกงรสเปรี้ยวนำ ใส่หน่อไม้กับช้ินเนื้อปลาสดหวาน, <b>ข้าวยำปักษ์ใต้</b> (120 บาท) ประกอบด้วย ข้าวสวย มะพร้าวคั่ว \r\n        กุ้งแห้งป่น และผักสดซอย ก่อนทานให้คลุกกับน้ำวูดูรสหวานเค็ม ส่วนเมนูภาคกลางก็รสชาติอร่อยไม่แพ้กัน แนะนำ กุ้งมะขาม (350 บาท) \r\n        กุ้งแม่น้ำสดตัวใหญ่เบิ้ม ทอดแล้วราดซอสมะขามสามรส ใครไม่มีเวลาแวะมาทานเอง สามารถสั่งแบบเดลิเวอรี่ได้ (คิดค่าจัดส่งตามระยะทาง) \r\n        แต่จะให้ดีลองมาเลือกเมนูอื่นๆ ที่ร้านเองจะดีกว่า \r\n        <br>\r\n        \r\n        <img src="public/upload/picture/3defa8871467c9e8bd15b076dfbfd4d76.jpg" class="img-responsive">\r\n        <br> \r\n        ร้านอยู่ในซอยทองหล่อ 5 สุขุมวิท 55 เข้ามาในซอยเล็กน้อย พอเห็นแยกขวามือแรกให้เลี้ยวเข้าไปนิดเดียว อยู่ซ้ายมือตรงข้ามสถานทูตเคนย่า\r\n        <br>\r\n        <img src="public/upload/picture/ebfdb231fb927da7dec168c947d4a32a7.jpg" class="img-responsive">\r\n        <br>\r\n        <b>Recommended Dishes</b>\r\n        คั่วกลิ้ง, สะตอผัดกะปิกุ้ง, แกงเหลืองปลา, ข้าวยำปักษ์ใต้, กุ้งมะขาม\r\n        <br><br>\r\n        <b>ที่ตั้ง</b>ตั้งอยู่ที่ 98/1 ซอยทองหล่อ 5 (ตรงข้ามสถานทูตเคนย่า) สุขุมวิท 55 แขวงคลองตันเหนือ วัฒนา กรุงเทพมหานคร 10110\r\n        <br><br>\r\n        <b>โทร.</b>02-185-3977, 086-053-7779\r\n        <br><br>\r\n        <b>เวลาเปิดบริการ</b>วันจันทร์หยุด  วันอังคาร-วันอาทิตย์ 11.00-14.00 น. 18.00-21.00 น.\r\n        <br>', '<b>คุณบิ๊ก-วเรศรา สมิตะสิริ</b>\r\n        เจ้าของร้านคนสวยเล่าว่า พื้นเพของครอบครัวนั่นคือ คุณแม่แดง กับ คุณป้านุช เป็นคนชุมพร ทั้งคู่มีฝีมือ\r\n        การทำอาหารปักษ์ใต้สไตล์บ้านๆ โดยเน้นใส่ใจคัดสรรวัตถุดิบพิเศษ ใหม่ สด พร้อมทั้งเครื่องปรุง และเครื่องแกงรสดีจากชุมพร \r\n        ทางร้านมีจานเด็ดทั้งอาหารใต้ และภาคกลาง ซึ่งทุกจานรับรองความอร่อยแน่นอน แต่อาจจะลดทอนความเผ็ดร้อนลงมาให้คุ้นลิ้น\r\n        กับคนกรุงเทพฯ แรกเริ่มเปิดร้านเล็กๆ มีเพียงไม่กี่โต๊ะอยู่ที่ซอยสุขุมวิท 40 กระทั่งขยับขยายย้ายทำเลมาเปิดใหม่ภายในซอยทองหล่อ 5  \r\n        <br>\r\n	<img src="public/upload/picture/5384bc24f3978a3a114a64a85dbb34144.jpg" class="img-responsive">\r\n        <br>\r\n        ความโดดเด่นของอาหารใต้ร้านนี้คือความเป็นโฮมเมดของแท้ เน้นเลือกแต่ของดี ๆ แบบเดียวกับที่ทานกันเองในบ้าน ซึ่งคุณแม่แดงกับคุณป้านุช \r\n        คอยทำหน้าที่หิ้วตะกร้าไปจ่ายตลาดเองทุกวัน เครื่องแกงทุกอย่างจะโขลกเองแบบวันต่อวัน โดยใช้สูตรที่สืบทอดมาจากคุณยาย ส่วนวัตถุดิบ\r\n        ต่างๆ ที่เป็นของใต้นั้นจะต้องสั่งตรงจากชุมพรเลย โดยเฉพาะกะปิเป็นของที่ขาดไม่ได้สำหรับอาหารใต้\r\n        <br>\r\n        <img src="public/upload/picture/3c15133d6c009ad3863f666130e9268f5.jpg" class="img-responsive">\r\n        <br>\r\n        มาร้านนี้ต้อง <b style="color:#F00">คั่วกลิ้ง</b> (120 บาท) อร่อยเด็ดซะจนตั้งเป็นชื่อร้านเลยทีเดียว มีให้เลือกทั้งหมูสับ-เนื้อชิ้น และกระดูกอ่อน รสชาติเผ็ดร้อน\r\n        ด้วยพริกไทย สมุนไพรโขลกผสมในพริกแกงส่งกล่ินหอมฉุย เสิร์ฟพร้อมผักสดช่วยบรรเทาความเผ็ดลง, <b>สะตอผัดกะปิกุ้ง</b>(180 บาท) \r\n        สะตอเป็นพืชที่มีกลิ่นฉุน เค้ามีเคล็ดลับในการเลือกและผัด ให้สะตอยังเขียวสดกัดลงไปยังกรอบ เคล้ากับกล่ินและรสของกะปิหอมอย่างดี, \r\n        <b>แกงเหลืองปลา</b>(180 บาท) น้ำแกงรสเปรี้ยวนำ ใส่หน่อไม้กับช้ินเนื้อปลาสดหวาน, <b>ข้าวยำปักษ์ใต้</b> (120 บาท) ประกอบด้วย ข้าวสวย มะพร้าวคั่ว \r\n        กุ้งแห้งป่น และผักสดซอย ก่อนทานให้คลุกกับน้ำวูดูรสหวานเค็ม ส่วนเมนูภาคกลางก็รสชาติอร่อยไม่แพ้กัน แนะนำ กุ้งมะขาม (350 บาท) \r\n        กุ้งแม่น้ำสดตัวใหญ่เบิ้ม ทอดแล้วราดซอสมะขามสามรส ใครไม่มีเวลาแวะมาทานเอง สามารถสั่งแบบเดลิเวอรี่ได้ (คิดค่าจัดส่งตามระยะทาง) \r\n        แต่จะให้ดีลองมาเลือกเมนูอื่นๆ ที่ร้านเองจะดีกว่า \r\n        <br>\r\n        \r\n        <img src="public/upload/picture/3defa8871467c9e8bd15b076dfbfd4d76.jpg" class="img-responsive">\r\n        <br> \r\n        ร้านอยู่ในซอยทองหล่อ 5 สุขุมวิท 55 เข้ามาในซอยเล็กน้อย พอเห็นแยกขวามือแรกให้เลี้ยวเข้าไปนิดเดียว อยู่ซ้ายมือตรงข้ามสถานทูตเคนย่า\r\n        <br>\r\n        <img src="public/upload/picture/ebfdb231fb927da7dec168c947d4a32a7.jpg" class="img-responsive">\r\n        <br>\r\n        <b>Recommended Dishes</b>\r\n        คั่วกลิ้ง, สะตอผัดกะปิกุ้ง, แกงเหลืองปลา, ข้าวยำปักษ์ใต้, กุ้งมะขาม\r\n        <br><br>\r\n        <b>ที่ตั้ง</b>ตั้งอยู่ที่ 98/1 ซอยทองหล่อ 5 (ตรงข้ามสถานทูตเคนย่า) สุขุมวิท 55 แขวงคลองตันเหนือ วัฒนา กรุงเทพมหานคร 10110\r\n        <br><br>\r\n        <b>โทร.</b>02-185-3977, 086-053-7779\r\n        <br><br>\r\n        <b>เวลาเปิดบริการ</b>วันจันทร์หยุด  วันอังคาร-วันอาทิตย์ 11.00-14.00 น. 18.00-21.00 น.\r\n        <br>', 'approved', 0, '2015-04-23 00:00:00', '127.0.0.1', '2015-04-23 00:00:00', '127.0.0.1');
INSERT INTO `content` VALUES (5, 3, 'a8887ee81f7065bdba9dd9fd25a7b3925.jpg', NULL, 'ก๋วยเตี๋ยวคั่วไก่สวนมะลิ', 'ก๋วยเตี๋ยวคั่วไก่สวนมะลิ', 'ร้านตึกแถวตกแต่งสไตล์จีน เรียบง่าย เครื่องแบบก๋วยเตี๋ยวคั่วไก่ที่หาทาน ได้ยาก', 'ร้านตึกแถวตกแต่งสไตล์จีน เรียบง่าย เครื่องแบบก๋วยเตี๋ยวคั่วไก่ที่หาทาน ได้ยาก', '<b>คุณบิ๊ก-วเรศรา สมิตะสิริ</b>\r\n        เจ้าของร้านคนสวยเล่าว่า พื้นเพของครอบครัวนั่นคือ คุณแม่แดง กับ คุณป้านุช เป็นคนชุมพร ทั้งคู่มีฝีมือ\r\n        การทำอาหารปักษ์ใต้สไตล์บ้านๆ โดยเน้นใส่ใจคัดสรรวัตถุดิบพิเศษ ใหม่ สด พร้อมทั้งเครื่องปรุง และเครื่องแกงรสดีจากชุมพร \r\n        ทางร้านมีจานเด็ดทั้งอาหารใต้ และภาคกลาง ซึ่งทุกจานรับรองความอร่อยแน่นอน แต่อาจจะลดทอนความเผ็ดร้อนลงมาให้คุ้นลิ้น\r\n        กับคนกรุงเทพฯ แรกเริ่มเปิดร้านเล็กๆ มีเพียงไม่กี่โต๊ะอยู่ที่ซอยสุขุมวิท 40 กระทั่งขยับขยายย้ายทำเลมาเปิดใหม่ภายในซอยทองหล่อ 5  \r\n        <br>\r\n	<img src="public/upload/picture/5384bc24f3978a3a114a64a85dbb34144.jpg" class="img-responsive">\r\n        <br>\r\n        ความโดดเด่นของอาหารใต้ร้านนี้คือความเป็นโฮมเมดของแท้ เน้นเลือกแต่ของดี ๆ แบบเดียวกับที่ทานกันเองในบ้าน ซึ่งคุณแม่แดงกับคุณป้านุช \r\n        คอยทำหน้าที่หิ้วตะกร้าไปจ่ายตลาดเองทุกวัน เครื่องแกงทุกอย่างจะโขลกเองแบบวันต่อวัน โดยใช้สูตรที่สืบทอดมาจากคุณยาย ส่วนวัตถุดิบ\r\n        ต่างๆ ที่เป็นของใต้นั้นจะต้องสั่งตรงจากชุมพรเลย โดยเฉพาะกะปิเป็นของที่ขาดไม่ได้สำหรับอาหารใต้\r\n        <br>\r\n        <img src="public/upload/picture/3c15133d6c009ad3863f666130e9268f5.jpg" class="img-responsive">\r\n        <br>\r\n        มาร้านนี้ต้อง <b style="color:#F00">คั่วกลิ้ง</b> (120 บาท) อร่อยเด็ดซะจนตั้งเป็นชื่อร้านเลยทีเดียว มีให้เลือกทั้งหมูสับ-เนื้อชิ้น และกระดูกอ่อน รสชาติเผ็ดร้อน\r\n        ด้วยพริกไทย สมุนไพรโขลกผสมในพริกแกงส่งกล่ินหอมฉุย เสิร์ฟพร้อมผักสดช่วยบรรเทาความเผ็ดลง, <b>สะตอผัดกะปิกุ้ง</b>(180 บาท) \r\n        สะตอเป็นพืชที่มีกลิ่นฉุน เค้ามีเคล็ดลับในการเลือกและผัด ให้สะตอยังเขียวสดกัดลงไปยังกรอบ เคล้ากับกล่ินและรสของกะปิหอมอย่างดี, \r\n        <b>แกงเหลืองปลา</b>(180 บาท) น้ำแกงรสเปรี้ยวนำ ใส่หน่อไม้กับช้ินเนื้อปลาสดหวาน, <b>ข้าวยำปักษ์ใต้</b> (120 บาท) ประกอบด้วย ข้าวสวย มะพร้าวคั่ว \r\n        กุ้งแห้งป่น และผักสดซอย ก่อนทานให้คลุกกับน้ำวูดูรสหวานเค็ม ส่วนเมนูภาคกลางก็รสชาติอร่อยไม่แพ้กัน แนะนำ กุ้งมะขาม (350 บาท) \r\n        กุ้งแม่น้ำสดตัวใหญ่เบิ้ม ทอดแล้วราดซอสมะขามสามรส ใครไม่มีเวลาแวะมาทานเอง สามารถสั่งแบบเดลิเวอรี่ได้ (คิดค่าจัดส่งตามระยะทาง) \r\n        แต่จะให้ดีลองมาเลือกเมนูอื่นๆ ที่ร้านเองจะดีกว่า \r\n        <br>\r\n        \r\n        <img src="public/upload/picture/3defa8871467c9e8bd15b076dfbfd4d76.jpg" class="img-responsive">\r\n        <br> \r\n        ร้านอยู่ในซอยทองหล่อ 5 สุขุมวิท 55 เข้ามาในซอยเล็กน้อย พอเห็นแยกขวามือแรกให้เลี้ยวเข้าไปนิดเดียว อยู่ซ้ายมือตรงข้ามสถานทูตเคนย่า\r\n        <br>\r\n        <img src="public/upload/picture/ebfdb231fb927da7dec168c947d4a32a7.jpg" class="img-responsive">\r\n        <br>\r\n        <b>Recommended Dishes</b>\r\n        คั่วกลิ้ง, สะตอผัดกะปิกุ้ง, แกงเหลืองปลา, ข้าวยำปักษ์ใต้, กุ้งมะขาม\r\n        <br><br>\r\n        <b>ที่ตั้ง</b>ตั้งอยู่ที่ 98/1 ซอยทองหล่อ 5 (ตรงข้ามสถานทูตเคนย่า) สุขุมวิท 55 แขวงคลองตันเหนือ วัฒนา กรุงเทพมหานคร 10110\r\n        <br><br>\r\n        <b>โทร.</b>02-185-3977, 086-053-7779\r\n        <br><br>\r\n        <b>เวลาเปิดบริการ</b>วันจันทร์หยุด  วันอังคาร-วันอาทิตย์ 11.00-14.00 น. 18.00-21.00 น.\r\n        <br>', '<b>คุณบิ๊ก-วเรศรา สมิตะสิริ</b>\r\n        เจ้าของร้านคนสวยเล่าว่า พื้นเพของครอบครัวนั่นคือ คุณแม่แดง กับ คุณป้านุช เป็นคนชุมพร ทั้งคู่มีฝีมือ\r\n        การทำอาหารปักษ์ใต้สไตล์บ้านๆ โดยเน้นใส่ใจคัดสรรวัตถุดิบพิเศษ ใหม่ สด พร้อมทั้งเครื่องปรุง และเครื่องแกงรสดีจากชุมพร \r\n        ทางร้านมีจานเด็ดทั้งอาหารใต้ และภาคกลาง ซึ่งทุกจานรับรองความอร่อยแน่นอน แต่อาจจะลดทอนความเผ็ดร้อนลงมาให้คุ้นลิ้น\r\n        กับคนกรุงเทพฯ แรกเริ่มเปิดร้านเล็กๆ มีเพียงไม่กี่โต๊ะอยู่ที่ซอยสุขุมวิท 40 กระทั่งขยับขยายย้ายทำเลมาเปิดใหม่ภายในซอยทองหล่อ 5  \r\n        <br>\r\n	<img src="public/upload/picture/5384bc24f3978a3a114a64a85dbb34144.jpg" class="img-responsive">\r\n        <br>\r\n        ความโดดเด่นของอาหารใต้ร้านนี้คือความเป็นโฮมเมดของแท้ เน้นเลือกแต่ของดี ๆ แบบเดียวกับที่ทานกันเองในบ้าน ซึ่งคุณแม่แดงกับคุณป้านุช \r\n        คอยทำหน้าที่หิ้วตะกร้าไปจ่ายตลาดเองทุกวัน เครื่องแกงทุกอย่างจะโขลกเองแบบวันต่อวัน โดยใช้สูตรที่สืบทอดมาจากคุณยาย ส่วนวัตถุดิบ\r\n        ต่างๆ ที่เป็นของใต้นั้นจะต้องสั่งตรงจากชุมพรเลย โดยเฉพาะกะปิเป็นของที่ขาดไม่ได้สำหรับอาหารใต้\r\n        <br>\r\n        <img src="public/upload/picture/3c15133d6c009ad3863f666130e9268f5.jpg" class="img-responsive">\r\n        <br>\r\n        มาร้านนี้ต้อง <b style="color:#F00">คั่วกลิ้ง</b> (120 บาท) อร่อยเด็ดซะจนตั้งเป็นชื่อร้านเลยทีเดียว มีให้เลือกทั้งหมูสับ-เนื้อชิ้น และกระดูกอ่อน รสชาติเผ็ดร้อน\r\n        ด้วยพริกไทย สมุนไพรโขลกผสมในพริกแกงส่งกล่ินหอมฉุย เสิร์ฟพร้อมผักสดช่วยบรรเทาความเผ็ดลง, <b>สะตอผัดกะปิกุ้ง</b>(180 บาท) \r\n        สะตอเป็นพืชที่มีกลิ่นฉุน เค้ามีเคล็ดลับในการเลือกและผัด ให้สะตอยังเขียวสดกัดลงไปยังกรอบ เคล้ากับกล่ินและรสของกะปิหอมอย่างดี, \r\n        <b>แกงเหลืองปลา</b>(180 บาท) น้ำแกงรสเปรี้ยวนำ ใส่หน่อไม้กับช้ินเนื้อปลาสดหวาน, <b>ข้าวยำปักษ์ใต้</b> (120 บาท) ประกอบด้วย ข้าวสวย มะพร้าวคั่ว \r\n        กุ้งแห้งป่น และผักสดซอย ก่อนทานให้คลุกกับน้ำวูดูรสหวานเค็ม ส่วนเมนูภาคกลางก็รสชาติอร่อยไม่แพ้กัน แนะนำ กุ้งมะขาม (350 บาท) \r\n        กุ้งแม่น้ำสดตัวใหญ่เบิ้ม ทอดแล้วราดซอสมะขามสามรส ใครไม่มีเวลาแวะมาทานเอง สามารถสั่งแบบเดลิเวอรี่ได้ (คิดค่าจัดส่งตามระยะทาง) \r\n        แต่จะให้ดีลองมาเลือกเมนูอื่นๆ ที่ร้านเองจะดีกว่า \r\n        <br>\r\n        \r\n        <img src="public/upload/picture/3defa8871467c9e8bd15b076dfbfd4d76.jpg" class="img-responsive">\r\n        <br> \r\n        ร้านอยู่ในซอยทองหล่อ 5 สุขุมวิท 55 เข้ามาในซอยเล็กน้อย พอเห็นแยกขวามือแรกให้เลี้ยวเข้าไปนิดเดียว อยู่ซ้ายมือตรงข้ามสถานทูตเคนย่า\r\n        <br>\r\n        <img src="public/upload/picture/ebfdb231fb927da7dec168c947d4a32a7.jpg" class="img-responsive">\r\n        <br>\r\n        <b>Recommended Dishes</b>\r\n        คั่วกลิ้ง, สะตอผัดกะปิกุ้ง, แกงเหลืองปลา, ข้าวยำปักษ์ใต้, กุ้งมะขาม\r\n        <br><br>\r\n        <b>ที่ตั้ง</b>ตั้งอยู่ที่ 98/1 ซอยทองหล่อ 5 (ตรงข้ามสถานทูตเคนย่า) สุขุมวิท 55 แขวงคลองตันเหนือ วัฒนา กรุงเทพมหานคร 10110\r\n        <br><br>\r\n        <b>โทร.</b>02-185-3977, 086-053-7779\r\n        <br><br>\r\n        <b>เวลาเปิดบริการ</b>วันจันทร์หยุด  วันอังคาร-วันอาทิตย์ 11.00-14.00 น. 18.00-21.00 น.\r\n        <br>', 'approved', 0, '2015-04-23 00:00:00', '127.0.0.1', '2015-04-23 00:00:00', '127.0.0.1');
INSERT INTO `content` VALUES (6, 3, 'fd92c38429eee8b5ec94f7b35ffd957d6.jpg', NULL, 'Spice Story', 'Spice Story', 'เป็นร้านแรกร้านเดียวบนสยามพารากอน เกิดจากวิสัยทัศน์ของคุณวิศิษฏ์ ลิ้มประนะ ที่มองเห็นศักยภาพ', 'เป็นร้านแรกร้านเดียวบนสยามพารากอน เกิดจากวิสัยทัศน์ของคุณวิศิษฏ์ ลิ้มประนะ ที่มองเห็นศักยภาพ', '<b>คุณบิ๊ก-วเรศรา สมิตะสิริ</b>\r\n        เจ้าของร้านคนสวยเล่าว่า พื้นเพของครอบครัวนั่นคือ คุณแม่แดง กับ คุณป้านุช เป็นคนชุมพร ทั้งคู่มีฝีมือ\r\n        การทำอาหารปักษ์ใต้สไตล์บ้านๆ โดยเน้นใส่ใจคัดสรรวัตถุดิบพิเศษ ใหม่ สด พร้อมทั้งเครื่องปรุง และเครื่องแกงรสดีจากชุมพร \r\n        ทางร้านมีจานเด็ดทั้งอาหารใต้ และภาคกลาง ซึ่งทุกจานรับรองความอร่อยแน่นอน แต่อาจจะลดทอนความเผ็ดร้อนลงมาให้คุ้นลิ้น\r\n        กับคนกรุงเทพฯ แรกเริ่มเปิดร้านเล็กๆ มีเพียงไม่กี่โต๊ะอยู่ที่ซอยสุขุมวิท 40 กระทั่งขยับขยายย้ายทำเลมาเปิดใหม่ภายในซอยทองหล่อ 5  \r\n        <br>\r\n	<img src="public/upload/picture/5384bc24f3978a3a114a64a85dbb34144.jpg" class="img-responsive">\r\n        <br>\r\n        ความโดดเด่นของอาหารใต้ร้านนี้คือความเป็นโฮมเมดของแท้ เน้นเลือกแต่ของดี ๆ แบบเดียวกับที่ทานกันเองในบ้าน ซึ่งคุณแม่แดงกับคุณป้านุช \r\n        คอยทำหน้าที่หิ้วตะกร้าไปจ่ายตลาดเองทุกวัน เครื่องแกงทุกอย่างจะโขลกเองแบบวันต่อวัน โดยใช้สูตรที่สืบทอดมาจากคุณยาย ส่วนวัตถุดิบ\r\n        ต่างๆ ที่เป็นของใต้นั้นจะต้องสั่งตรงจากชุมพรเลย โดยเฉพาะกะปิเป็นของที่ขาดไม่ได้สำหรับอาหารใต้\r\n        <br>\r\n        <img src="public/upload/picture/3c15133d6c009ad3863f666130e9268f5.jpg" class="img-responsive">\r\n        <br>\r\n        มาร้านนี้ต้อง <b style="color:#F00">คั่วกลิ้ง</b> (120 บาท) อร่อยเด็ดซะจนตั้งเป็นชื่อร้านเลยทีเดียว มีให้เลือกทั้งหมูสับ-เนื้อชิ้น และกระดูกอ่อน รสชาติเผ็ดร้อน\r\n        ด้วยพริกไทย สมุนไพรโขลกผสมในพริกแกงส่งกล่ินหอมฉุย เสิร์ฟพร้อมผักสดช่วยบรรเทาความเผ็ดลง, <b>สะตอผัดกะปิกุ้ง</b>(180 บาท) \r\n        สะตอเป็นพืชที่มีกลิ่นฉุน เค้ามีเคล็ดลับในการเลือกและผัด ให้สะตอยังเขียวสดกัดลงไปยังกรอบ เคล้ากับกล่ินและรสของกะปิหอมอย่างดี, \r\n        <b>แกงเหลืองปลา</b>(180 บาท) น้ำแกงรสเปรี้ยวนำ ใส่หน่อไม้กับช้ินเนื้อปลาสดหวาน, <b>ข้าวยำปักษ์ใต้</b> (120 บาท) ประกอบด้วย ข้าวสวย มะพร้าวคั่ว \r\n        กุ้งแห้งป่น และผักสดซอย ก่อนทานให้คลุกกับน้ำวูดูรสหวานเค็ม ส่วนเมนูภาคกลางก็รสชาติอร่อยไม่แพ้กัน แนะนำ กุ้งมะขาม (350 บาท) \r\n        กุ้งแม่น้ำสดตัวใหญ่เบิ้ม ทอดแล้วราดซอสมะขามสามรส ใครไม่มีเวลาแวะมาทานเอง สามารถสั่งแบบเดลิเวอรี่ได้ (คิดค่าจัดส่งตามระยะทาง) \r\n        แต่จะให้ดีลองมาเลือกเมนูอื่นๆ ที่ร้านเองจะดีกว่า \r\n        <br>\r\n        \r\n        <img src="public/upload/picture/3defa8871467c9e8bd15b076dfbfd4d76.jpg" class="img-responsive">\r\n        <br> \r\n        ร้านอยู่ในซอยทองหล่อ 5 สุขุมวิท 55 เข้ามาในซอยเล็กน้อย พอเห็นแยกขวามือแรกให้เลี้ยวเข้าไปนิดเดียว อยู่ซ้ายมือตรงข้ามสถานทูตเคนย่า\r\n        <br>\r\n        <img src="public/upload/picture/ebfdb231fb927da7dec168c947d4a32a7.jpg" class="img-responsive">\r\n        <br>\r\n        <b>Recommended Dishes</b>\r\n        คั่วกลิ้ง, สะตอผัดกะปิกุ้ง, แกงเหลืองปลา, ข้าวยำปักษ์ใต้, กุ้งมะขาม\r\n        <br><br>\r\n        <b>ที่ตั้ง</b>ตั้งอยู่ที่ 98/1 ซอยทองหล่อ 5 (ตรงข้ามสถานทูตเคนย่า) สุขุมวิท 55 แขวงคลองตันเหนือ วัฒนา กรุงเทพมหานคร 10110\r\n        <br><br>\r\n        <b>โทร.</b>02-185-3977, 086-053-7779\r\n        <br><br>\r\n        <b>เวลาเปิดบริการ</b>วันจันทร์หยุด  วันอังคาร-วันอาทิตย์ 11.00-14.00 น. 18.00-21.00 น.\r\n        <br>', '<b>คุณบิ๊ก-วเรศรา สมิตะสิริ</b>\r\n        เจ้าของร้านคนสวยเล่าว่า พื้นเพของครอบครัวนั่นคือ คุณแม่แดง กับ คุณป้านุช เป็นคนชุมพร ทั้งคู่มีฝีมือ\r\n        การทำอาหารปักษ์ใต้สไตล์บ้านๆ โดยเน้นใส่ใจคัดสรรวัตถุดิบพิเศษ ใหม่ สด พร้อมทั้งเครื่องปรุง และเครื่องแกงรสดีจากชุมพร \r\n        ทางร้านมีจานเด็ดทั้งอาหารใต้ และภาคกลาง ซึ่งทุกจานรับรองความอร่อยแน่นอน แต่อาจจะลดทอนความเผ็ดร้อนลงมาให้คุ้นลิ้น\r\n        กับคนกรุงเทพฯ แรกเริ่มเปิดร้านเล็กๆ มีเพียงไม่กี่โต๊ะอยู่ที่ซอยสุขุมวิท 40 กระทั่งขยับขยายย้ายทำเลมาเปิดใหม่ภายในซอยทองหล่อ 5  \r\n        <br>\r\n	<img src="public/upload/picture/5384bc24f3978a3a114a64a85dbb34144.jpg" class="img-responsive">\r\n        <br>\r\n        ความโดดเด่นของอาหารใต้ร้านนี้คือความเป็นโฮมเมดของแท้ เน้นเลือกแต่ของดี ๆ แบบเดียวกับที่ทานกันเองในบ้าน ซึ่งคุณแม่แดงกับคุณป้านุช \r\n        คอยทำหน้าที่หิ้วตะกร้าไปจ่ายตลาดเองทุกวัน เครื่องแกงทุกอย่างจะโขลกเองแบบวันต่อวัน โดยใช้สูตรที่สืบทอดมาจากคุณยาย ส่วนวัตถุดิบ\r\n        ต่างๆ ที่เป็นของใต้นั้นจะต้องสั่งตรงจากชุมพรเลย โดยเฉพาะกะปิเป็นของที่ขาดไม่ได้สำหรับอาหารใต้\r\n        <br>\r\n        <img src="public/upload/picture/3c15133d6c009ad3863f666130e9268f5.jpg" class="img-responsive">\r\n        <br>\r\n        มาร้านนี้ต้อง <b style="color:#F00">คั่วกลิ้ง</b> (120 บาท) อร่อยเด็ดซะจนตั้งเป็นชื่อร้านเลยทีเดียว มีให้เลือกทั้งหมูสับ-เนื้อชิ้น และกระดูกอ่อน รสชาติเผ็ดร้อน\r\n        ด้วยพริกไทย สมุนไพรโขลกผสมในพริกแกงส่งกล่ินหอมฉุย เสิร์ฟพร้อมผักสดช่วยบรรเทาความเผ็ดลง, <b>สะตอผัดกะปิกุ้ง</b>(180 บาท) \r\n        สะตอเป็นพืชที่มีกลิ่นฉุน เค้ามีเคล็ดลับในการเลือกและผัด ให้สะตอยังเขียวสดกัดลงไปยังกรอบ เคล้ากับกล่ินและรสของกะปิหอมอย่างดี, \r\n        <b>แกงเหลืองปลา</b>(180 บาท) น้ำแกงรสเปรี้ยวนำ ใส่หน่อไม้กับช้ินเนื้อปลาสดหวาน, <b>ข้าวยำปักษ์ใต้</b> (120 บาท) ประกอบด้วย ข้าวสวย มะพร้าวคั่ว \r\n        กุ้งแห้งป่น และผักสดซอย ก่อนทานให้คลุกกับน้ำวูดูรสหวานเค็ม ส่วนเมนูภาคกลางก็รสชาติอร่อยไม่แพ้กัน แนะนำ กุ้งมะขาม (350 บาท) \r\n        กุ้งแม่น้ำสดตัวใหญ่เบิ้ม ทอดแล้วราดซอสมะขามสามรส ใครไม่มีเวลาแวะมาทานเอง สามารถสั่งแบบเดลิเวอรี่ได้ (คิดค่าจัดส่งตามระยะทาง) \r\n        แต่จะให้ดีลองมาเลือกเมนูอื่นๆ ที่ร้านเองจะดีกว่า \r\n        <br>\r\n        \r\n        <img src="public/upload/picture/3defa8871467c9e8bd15b076dfbfd4d76.jpg" class="img-responsive">\r\n        <br> \r\n        ร้านอยู่ในซอยทองหล่อ 5 สุขุมวิท 55 เข้ามาในซอยเล็กน้อย พอเห็นแยกขวามือแรกให้เลี้ยวเข้าไปนิดเดียว อยู่ซ้ายมือตรงข้ามสถานทูตเคนย่า\r\n        <br>\r\n        <img src="public/upload/picture/ebfdb231fb927da7dec168c947d4a32a7.jpg" class="img-responsive">\r\n        <br>\r\n        <b>Recommended Dishes</b>\r\n        คั่วกลิ้ง, สะตอผัดกะปิกุ้ง, แกงเหลืองปลา, ข้าวยำปักษ์ใต้, กุ้งมะขาม\r\n        <br><br>\r\n        <b>ที่ตั้ง</b>ตั้งอยู่ที่ 98/1 ซอยทองหล่อ 5 (ตรงข้ามสถานทูตเคนย่า) สุขุมวิท 55 แขวงคลองตันเหนือ วัฒนา กรุงเทพมหานคร 10110\r\n        <br><br>\r\n        <b>โทร.</b>02-185-3977, 086-053-7779\r\n        <br><br>\r\n        <b>เวลาเปิดบริการ</b>วันจันทร์หยุด  วันอังคาร-วันอาทิตย์ 11.00-14.00 น. 18.00-21.00 น.\r\n        <br>', 'approved', 0, '2015-04-23 00:00:00', '127.0.0.1', '2015-04-23 00:00:00', '127.0.0.1');
INSERT INTO `content` VALUES (7, 3, '67ee9f2b33916933d8cd818d2d3dafa47.jpg', NULL, 'ตำตำ สยามสแควร์', 'ตำตำ สยามสแควร์', 'ร้านตึกแถวตกแต่งสไตล์จีน เรียบง่าย\r\n            เครื่องแบบก๋วยเตี๋ยวคั่วไก่ที่หาทาน\r\n            ได้ยาก', 'ร้านตึกแถวตกแต่งสไตล์จีน เรียบง่าย\r\n            เครื่องแบบก๋วยเตี๋ยวคั่วไก่ที่หาทาน\r\n            ได้ยาก', '<b>คุณบิ๊ก-วเรศรา สมิตะสิริ</b>\r\n        เจ้าของร้านคนสวยเล่าว่า พื้นเพของครอบครัวนั่นคือ คุณแม่แดง กับ คุณป้านุช เป็นคนชุมพร ทั้งคู่มีฝีมือ\r\n        การทำอาหารปักษ์ใต้สไตล์บ้านๆ โดยเน้นใส่ใจคัดสรรวัตถุดิบพิเศษ ใหม่ สด พร้อมทั้งเครื่องปรุง และเครื่องแกงรสดีจากชุมพร \r\n        ทางร้านมีจานเด็ดทั้งอาหารใต้ และภาคกลาง ซึ่งทุกจานรับรองความอร่อยแน่นอน แต่อาจจะลดทอนความเผ็ดร้อนลงมาให้คุ้นลิ้น\r\n        กับคนกรุงเทพฯ แรกเริ่มเปิดร้านเล็กๆ มีเพียงไม่กี่โต๊ะอยู่ที่ซอยสุขุมวิท 40 กระทั่งขยับขยายย้ายทำเลมาเปิดใหม่ภายในซอยทองหล่อ 5  \r\n        <br>\r\n	<img src="public/upload/picture/5384bc24f3978a3a114a64a85dbb34144.jpg" class="img-responsive">\r\n        <br>\r\n        ความโดดเด่นของอาหารใต้ร้านนี้คือความเป็นโฮมเมดของแท้ เน้นเลือกแต่ของดี ๆ แบบเดียวกับที่ทานกันเองในบ้าน ซึ่งคุณแม่แดงกับคุณป้านุช \r\n        คอยทำหน้าที่หิ้วตะกร้าไปจ่ายตลาดเองทุกวัน เครื่องแกงทุกอย่างจะโขลกเองแบบวันต่อวัน โดยใช้สูตรที่สืบทอดมาจากคุณยาย ส่วนวัตถุดิบ\r\n        ต่างๆ ที่เป็นของใต้นั้นจะต้องสั่งตรงจากชุมพรเลย โดยเฉพาะกะปิเป็นของที่ขาดไม่ได้สำหรับอาหารใต้\r\n        <br>\r\n        <img src="public/upload/picture/3c15133d6c009ad3863f666130e9268f5.jpg" class="img-responsive">\r\n        <br>\r\n        มาร้านนี้ต้อง <b style="color:#F00">คั่วกลิ้ง</b> (120 บาท) อร่อยเด็ดซะจนตั้งเป็นชื่อร้านเลยทีเดียว มีให้เลือกทั้งหมูสับ-เนื้อชิ้น และกระดูกอ่อน รสชาติเผ็ดร้อน\r\n        ด้วยพริกไทย สมุนไพรโขลกผสมในพริกแกงส่งกล่ินหอมฉุย เสิร์ฟพร้อมผักสดช่วยบรรเทาความเผ็ดลง, <b>สะตอผัดกะปิกุ้ง</b>(180 บาท) \r\n        สะตอเป็นพืชที่มีกลิ่นฉุน เค้ามีเคล็ดลับในการเลือกและผัด ให้สะตอยังเขียวสดกัดลงไปยังกรอบ เคล้ากับกล่ินและรสของกะปิหอมอย่างดี, \r\n        <b>แกงเหลืองปลา</b>(180 บาท) น้ำแกงรสเปรี้ยวนำ ใส่หน่อไม้กับช้ินเนื้อปลาสดหวาน, <b>ข้าวยำปักษ์ใต้</b> (120 บาท) ประกอบด้วย ข้าวสวย มะพร้าวคั่ว \r\n        กุ้งแห้งป่น และผักสดซอย ก่อนทานให้คลุกกับน้ำวูดูรสหวานเค็ม ส่วนเมนูภาคกลางก็รสชาติอร่อยไม่แพ้กัน แนะนำ กุ้งมะขาม (350 บาท) \r\n        กุ้งแม่น้ำสดตัวใหญ่เบิ้ม ทอดแล้วราดซอสมะขามสามรส ใครไม่มีเวลาแวะมาทานเอง สามารถสั่งแบบเดลิเวอรี่ได้ (คิดค่าจัดส่งตามระยะทาง) \r\n        แต่จะให้ดีลองมาเลือกเมนูอื่นๆ ที่ร้านเองจะดีกว่า \r\n        <br>\r\n        \r\n        <img src="public/upload/picture/3defa8871467c9e8bd15b076dfbfd4d76.jpg" class="img-responsive">\r\n        <br> \r\n        ร้านอยู่ในซอยทองหล่อ 5 สุขุมวิท 55 เข้ามาในซอยเล็กน้อย พอเห็นแยกขวามือแรกให้เลี้ยวเข้าไปนิดเดียว อยู่ซ้ายมือตรงข้ามสถานทูตเคนย่า\r\n        <br>\r\n        <img src="public/upload/picture/ebfdb231fb927da7dec168c947d4a32a7.jpg" class="img-responsive">\r\n        <br>\r\n        <b>Recommended Dishes</b>\r\n        คั่วกลิ้ง, สะตอผัดกะปิกุ้ง, แกงเหลืองปลา, ข้าวยำปักษ์ใต้, กุ้งมะขาม\r\n        <br><br>\r\n        <b>ที่ตั้ง</b>ตั้งอยู่ที่ 98/1 ซอยทองหล่อ 5 (ตรงข้ามสถานทูตเคนย่า) สุขุมวิท 55 แขวงคลองตันเหนือ วัฒนา กรุงเทพมหานคร 10110\r\n        <br><br>\r\n        <b>โทร.</b>02-185-3977, 086-053-7779\r\n        <br><br>\r\n        <b>เวลาเปิดบริการ</b>วันจันทร์หยุด  วันอังคาร-วันอาทิตย์ 11.00-14.00 น. 18.00-21.00 น.\r\n        <br>', '<b>คุณบิ๊ก-วเรศรา สมิตะสิริ</b>\r\n        เจ้าของร้านคนสวยเล่าว่า พื้นเพของครอบครัวนั่นคือ คุณแม่แดง กับ คุณป้านุช เป็นคนชุมพร ทั้งคู่มีฝีมือ\r\n        การทำอาหารปักษ์ใต้สไตล์บ้านๆ โดยเน้นใส่ใจคัดสรรวัตถุดิบพิเศษ ใหม่ สด พร้อมทั้งเครื่องปรุง และเครื่องแกงรสดีจากชุมพร \r\n        ทางร้านมีจานเด็ดทั้งอาหารใต้ และภาคกลาง ซึ่งทุกจานรับรองความอร่อยแน่นอน แต่อาจจะลดทอนความเผ็ดร้อนลงมาให้คุ้นลิ้น\r\n        กับคนกรุงเทพฯ แรกเริ่มเปิดร้านเล็กๆ มีเพียงไม่กี่โต๊ะอยู่ที่ซอยสุขุมวิท 40 กระทั่งขยับขยายย้ายทำเลมาเปิดใหม่ภายในซอยทองหล่อ 5  \r\n        <br>\r\n	<img src="public/upload/picture/5384bc24f3978a3a114a64a85dbb34144.jpg" class="img-responsive">\r\n        <br>\r\n        ความโดดเด่นของอาหารใต้ร้านนี้คือความเป็นโฮมเมดของแท้ เน้นเลือกแต่ของดี ๆ แบบเดียวกับที่ทานกันเองในบ้าน ซึ่งคุณแม่แดงกับคุณป้านุช \r\n        คอยทำหน้าที่หิ้วตะกร้าไปจ่ายตลาดเองทุกวัน เครื่องแกงทุกอย่างจะโขลกเองแบบวันต่อวัน โดยใช้สูตรที่สืบทอดมาจากคุณยาย ส่วนวัตถุดิบ\r\n        ต่างๆ ที่เป็นของใต้นั้นจะต้องสั่งตรงจากชุมพรเลย โดยเฉพาะกะปิเป็นของที่ขาดไม่ได้สำหรับอาหารใต้\r\n        <br>\r\n        <img src="public/upload/picture/3c15133d6c009ad3863f666130e9268f5.jpg" class="img-responsive">\r\n        <br>\r\n        มาร้านนี้ต้อง <b style="color:#F00">คั่วกลิ้ง</b> (120 บาท) อร่อยเด็ดซะจนตั้งเป็นชื่อร้านเลยทีเดียว มีให้เลือกทั้งหมูสับ-เนื้อชิ้น และกระดูกอ่อน รสชาติเผ็ดร้อน\r\n        ด้วยพริกไทย สมุนไพรโขลกผสมในพริกแกงส่งกล่ินหอมฉุย เสิร์ฟพร้อมผักสดช่วยบรรเทาความเผ็ดลง, <b>สะตอผัดกะปิกุ้ง</b>(180 บาท) \r\n        สะตอเป็นพืชที่มีกลิ่นฉุน เค้ามีเคล็ดลับในการเลือกและผัด ให้สะตอยังเขียวสดกัดลงไปยังกรอบ เคล้ากับกล่ินและรสของกะปิหอมอย่างดี, \r\n        <b>แกงเหลืองปลา</b>(180 บาท) น้ำแกงรสเปรี้ยวนำ ใส่หน่อไม้กับช้ินเนื้อปลาสดหวาน, <b>ข้าวยำปักษ์ใต้</b> (120 บาท) ประกอบด้วย ข้าวสวย มะพร้าวคั่ว \r\n        กุ้งแห้งป่น และผักสดซอย ก่อนทานให้คลุกกับน้ำวูดูรสหวานเค็ม ส่วนเมนูภาคกลางก็รสชาติอร่อยไม่แพ้กัน แนะนำ กุ้งมะขาม (350 บาท) \r\n        กุ้งแม่น้ำสดตัวใหญ่เบิ้ม ทอดแล้วราดซอสมะขามสามรส ใครไม่มีเวลาแวะมาทานเอง สามารถสั่งแบบเดลิเวอรี่ได้ (คิดค่าจัดส่งตามระยะทาง) \r\n        แต่จะให้ดีลองมาเลือกเมนูอื่นๆ ที่ร้านเองจะดีกว่า \r\n        <br>\r\n        \r\n        <img src="public/upload/picture/3defa8871467c9e8bd15b076dfbfd4d76.jpg" class="img-responsive">\r\n        <br> \r\n        ร้านอยู่ในซอยทองหล่อ 5 สุขุมวิท 55 เข้ามาในซอยเล็กน้อย พอเห็นแยกขวามือแรกให้เลี้ยวเข้าไปนิดเดียว อยู่ซ้ายมือตรงข้ามสถานทูตเคนย่า\r\n        <br>\r\n        <img src="public/upload/picture/ebfdb231fb927da7dec168c947d4a32a7.jpg" class="img-responsive">\r\n        <br>\r\n        <b>Recommended Dishes</b>\r\n        คั่วกลิ้ง, สะตอผัดกะปิกุ้ง, แกงเหลืองปลา, ข้าวยำปักษ์ใต้, กุ้งมะขาม\r\n        <br><br>\r\n        <b>ที่ตั้ง</b>ตั้งอยู่ที่ 98/1 ซอยทองหล่อ 5 (ตรงข้ามสถานทูตเคนย่า) สุขุมวิท 55 แขวงคลองตันเหนือ วัฒนา กรุงเทพมหานคร 10110\r\n        <br><br>\r\n        <b>โทร.</b>02-185-3977, 086-053-7779\r\n        <br><br>\r\n        <b>เวลาเปิดบริการ</b>วันจันทร์หยุด  วันอังคาร-วันอาทิตย์ 11.00-14.00 น. 18.00-21.00 น.\r\n        <br>', 'approved', 0, '2015-04-23 00:00:00', '127.0.0.1', '2015-04-23 00:00:00', '127.0.0.1');

-- --------------------------------------------------------

-- 
-- Table structure for table `content_category`
-- 

CREATE TABLE `content_category` (
  `category_id` int(11) NOT NULL auto_increment,
  `category_subid` int(11) NOT NULL default '0',
  `category_image` varchar(255) default NULL,
  `category_title_en` varchar(255) default NULL,
  `category_title_th` varchar(255) NOT NULL default 'Category Title',
  `category_sdesc_en` text,
  `category_sdesc_th` text,
  `category_desc_en` text,
  `category_desc_th` text,
  `category_status` enum('approved','pending','discard') NOT NULL default 'approved',
  `category_createdtime` datetime NOT NULL default '0000-00-00 00:00:00',
  `category_createdip` varchar(15) NOT NULL default '000.000.000.000',
  `category_updatedtime` datetime NOT NULL default '0000-00-00 00:00:00',
  `category_updatedip` varchar(15) NOT NULL default '000.000.000.000',
  PRIMARY KEY  (`category_id`),
  KEY `subcategory` (`category_subid`)
) ENGINE=MyISAM  DEFAULT CHARSET=utf8 AUTO_INCREMENT=5 ;

-- 
-- Dumping data for table `content_category`
-- 

INSERT INTO `content_category` VALUES (1, 0, '1de0b4f0d139f781b3b4de87edb4de701.jpg', 'recipe', 'ตำรับอร่อย', NULL, NULL, NULL, NULL, 'approved', '2015-04-02 00:00:00', '127.0.0.1', '2015-04-23 00:00:00', '127.0.0.1');
INSERT INTO `content_category` VALUES (3, 0, '1de0b4f0d139f781b3b4de87edb4de703.jpg', 'Eating Guide', 'Eating Guide', NULL, NULL, NULL, NULL, 'approved', '2015-04-23 00:00:00', '127.0.0.1', '0000-00-00 00:00:00', '000.000.000.000');
INSERT INTO `content_category` VALUES (4, 0, NULL, 'news', 'ข่าว', NULL, NULL, NULL, NULL, 'approved', '2015-04-23 00:00:00', '127.0.0.1', '0000-00-00 00:00:00', '000.000.000.000');

-- --------------------------------------------------------

-- 
-- Table structure for table `gallery_category`
-- 

CREATE TABLE `gallery_category` (
  `category_id` int(11) NOT NULL auto_increment,
  `category_title` varchar(255) default NULL,
  `category_type` enum('vdo','gallery') NOT NULL,
  `category_status` enum('approved','pending','discard') NOT NULL default 'approved',
  `category_createdtime` datetime NOT NULL default '0000-00-00 00:00:00',
  `category_createdip` varchar(15) NOT NULL default '000.000.000.000',
  `category_updatedtime` datetime NOT NULL default '0000-00-00 00:00:00',
  `category_updatedip` varchar(15) NOT NULL default '000.000.000.000',
  PRIMARY KEY  (`category_id`)
) ENGINE=MyISAM  DEFAULT CHARSET=utf8 AUTO_INCREMENT=6 ;

-- 
-- Dumping data for table `gallery_category`
-- 

INSERT INTO `gallery_category` VALUES (1, 'youtube_about', 'vdo', 'approved', '2012-07-26 16:56:04', '127.0.0.1', '2012-08-06 14:53:04', '110.77.148.90');
INSERT INTO `gallery_category` VALUES (2, 'youtube_recipe', 'vdo', 'approved', '2012-07-26 16:56:04', '127.0.0.1', '0000-00-00 00:00:00', '000.000.000.000');

-- --------------------------------------------------------

-- 
-- Table structure for table `menu`
-- 

CREATE TABLE `menu` (
  `menu_id` int(11) NOT NULL auto_increment,
  `menu_subid` int(11) NOT NULL default '0',
  `menu_class` varchar(255) default NULL,
  `menu_title_th` varchar(255) NOT NULL default 'title_th',
  `menu_title_en` varchar(255) NOT NULL default 'title_en',
  `menu_link` text,
  `menu_order` int(11) NOT NULL default '0',
  `menu_status` enum('approved','pending','discard') NOT NULL default 'approved',
  `menu_createdtime` datetime NOT NULL default '0000-00-00 00:00:00',
  `menu_createdip` varchar(15) NOT NULL default '000.000.000.000',
  `menu_updatedtime` datetime NOT NULL default '0000-00-00 00:00:00',
  `menu_updatedip` varchar(15) NOT NULL default '000.000.000.000',
  PRIMARY KEY  (`menu_id`),
  KEY `submenu` (`menu_subid`)
) ENGINE=MyISAM  DEFAULT CHARSET=utf8 AUTO_INCREMENT=7 ;

-- 
-- Dumping data for table `menu`
-- 

INSERT INTO `menu` VALUES (1, 0, NULL, 'ตำรับอร่อย', 'Secret Recipes', 'index.php?page=recipe', 6, 'approved', '2015-04-22 00:00:00', '127.0.0.1', '2015-04-23 00:00:00', '127.0.0.1');
INSERT INTO `menu` VALUES (2, 0, NULL, 'ข่าวประขาสัมพันธ์', 'Spice News', 'index.php?page=news', 5, 'approved', '2015-04-22 00:00:00', '127.0.0.1', '2015-04-23 00:00:00', '127.0.0.1');
INSERT INTO `menu` VALUES (3, 0, NULL, 'ชวนอร่อย', 'Eating Guide', 'index.php?page=eating', 4, 'approved', '2015-04-22 00:00:00', '127.0.0.1', '2015-04-23 00:00:00', '127.0.0.1');
INSERT INTO `menu` VALUES (4, 0, NULL, 'ผลิตภัณฑ์', 'Product', 'index.php?page=product', 3, 'approved', '2015-04-22 00:00:00', '127.0.0.1', '2015-04-23 00:00:00', '127.0.0.1');
INSERT INTO `menu` VALUES (5, 0, NULL, 'เกี่ยวกับเรา', 'Company', 'index.php?page=about', 2, 'approved', '2015-04-22 00:00:00', '127.0.0.1', '2015-04-23 00:00:00', '127.0.0.1');
INSERT INTO `menu` VALUES (6, 0, NULL, 'หน้าหลัก', 'Home', 'index.php?page=home', 1, 'approved', '2015-04-22 00:00:00', '127.0.0.1', '0000-00-00 00:00:00', '000.000.000.000');

-- --------------------------------------------------------

-- 
-- Table structure for table `news`
-- 

CREATE TABLE `news` (
  `news_id` int(11) NOT NULL auto_increment,
  `news_tbm1` varchar(255) collate utf8_unicode_ci NOT NULL,
  `news_tbm2` varchar(255) collate utf8_unicode_ci NOT NULL,
  `news_tbm3` varchar(255) collate utf8_unicode_ci NOT NULL,
  `news_tbm4` varchar(255) collate utf8_unicode_ci NOT NULL,
  `news_tbm5` varchar(255) collate utf8_unicode_ci NOT NULL,
  `news_title_en` varchar(255) collate utf8_unicode_ci NOT NULL default '-',
  `news_title_th` varchar(255) collate utf8_unicode_ci NOT NULL default '-',
  `news_sdesc_en` text collate utf8_unicode_ci NOT NULL,
  `news_sdesc_th` text collate utf8_unicode_ci NOT NULL,
  `news_desc_en` longtext collate utf8_unicode_ci NOT NULL,
  `news_desc_th` longtext collate utf8_unicode_ci NOT NULL,
  `news_status` enum('approved','pending','discard') collate utf8_unicode_ci NOT NULL default 'approved',
  `news_createdtime` datetime NOT NULL default '0000-00-00 00:00:00',
  `news_createdip` varchar(15) collate utf8_unicode_ci NOT NULL default '000.000.000.000',
  `news_updatedtime` datetime NOT NULL default '0000-00-00 00:00:00',
  `news_updatedip` varchar(15) collate utf8_unicode_ci NOT NULL default '000.000.000.000',
  PRIMARY KEY  (`news_id`)
) ENGINE=MyISAM  DEFAULT CHARSET=utf8 COLLATE=utf8_unicode_ci AUTO_INCREMENT=6 ;

-- 
-- Dumping data for table `news`
-- 

INSERT INTO `news` VALUES (1, 'abe791093cac7c855f3cfce290f562341.jpg', 'abe791093cac7c855f3cfce290f562341.jpg', 'abe791093cac7c855f3cfce290f562341.jpg', 'abe791093cac7c855f3cfce290f562341.jpg', 'abe791093cac7c855f3cfce290f562341.jpg', 'ผู้บริหารง่วนสูน (พริกไทยตรามือที่ 1) พบหารือกับกงสุลใหญ่ฯ', 'ผู้บริหารง่วนสูน (พริกไทยตรามือที่ 1) พบหารือกับกงสุลใหญ่ฯ', 'เมื่อวันที่ 11 กันยายน 2557 นายวิศิษฎ์ ลิ้มประนะ ประธานบริษัท อาจจิตต์ อินเตอร์เนชั่นแนล เพ็พเพอร์ แอนด์ สไปซ์ จำกัด และคณะ เดินทางเข้าพบหารือเกี่ยวกับการดำเนินธุรกิจในจีน', 'เมื่อวันที่ 11 กันยายน 2557 นายวิศิษฎ์ ลิ้มประนะ ประธานบริษัท อาจจิตต์ อินเตอร์เนชั่นแนล เพ็พเพอร์ แอนด์ สไปซ์ จำกัด และคณะ เดินทางเข้าพบหารือเกี่ยวกับการดำเนินธุรกิจในจีน', 'เมื่อวันที่ 11 กันยายน 2557 นายวิศิษฎ์ ลิ้มประนะ ประธานบริษัท อาจจิตต์ \r\nอินเตอร์เนชั่นแนล เพ็พเพอร์ แอนด์ สไปซ์ จำกัด (ง่วนสูน : \r\nพริกไทยตรามือที่ 1) และคณะ \r\nเดินทางเข้าพบหารือเกี่ยวกับการดำเนินธุรกิจในจีนกับกงสุลใหญ่ ณ \r\nนครเซี่ยงไฮ้ โดยมีกงสุลเศรษฐกิจ และเจ้าหน้าที่ศูนย์ข้อมูลธุรกิจไทยในจีน \r\n(BIC) เข้าร่วมด้วย\r\n<br><br>ในระหว่างการหารือ นายวิศิษฎ์ฯ \r\nได้แจ้งแผนการขยายฐานธุรกิจจำหน่ายเครื่องปรุง\r\nอาหารไทยและเครื่องเทศ “ตรามือที่ 1” โดยเตรียมการก่อตั้ง \r\nสำนักงานใหม่ในนครเซี่ยงไฮ้ หลังจากที่มีสำนักงานใหญ่แล้วที่นครกว่างโจว \r\nตลอดจนชี้แจงแผนการทำตลาดในจีนด้วยการจัดส่งพ่อครัวไปสอน \r\nการทำอาหารให้แก่ร้านอาหารไทยที่จัดซื้อเครื่องปรุงจากบริษัทฯ \r\nเพื่อให้อาหารไทยในจีนมีรสชาติต้นตำรับและสะท้อนเอกลักษณ์ความเป็นไทย \r\nให้แก่ผู้บริโภคชาวจีน\r\n\r\n<br><br>ทั้งนี้ กงสุลใหญ่ฯ \r\nได้ให้ข้อมูลเกี่ยวกับสภาพการพัฒนาตลาดของอาหารไทยในนครเซี่ยงไฮ้และมณฑล\r\nใกล้เคียง ตลอดจนชี้แจงภารกิจ ของสถานกงสุลใหญ่ฯ \r\nในด้านการสนับสนุนธุรกิจอาหารไทยในจีนโดยตลอดช่วงที่ผ่านมา สถานกงสุลใหญ่ฯ \r\nได้ร่วมมือกับโรงแรม 5 ดาวในเซี่ยงไฮ้ จัดกิจกรรมสัปดาห์อาหารไทย และ Thai \r\nCooking Class อย่างต่อเนื่อง \r\nเพื่อประชาสัมพันธ์ให้ผู้บริโภคจีนมีโอกาสได้รู้จักอาหารไทยอย่างแพร่หลาย \r\nรวมทั้งแนะนำศูนย์ข้อมูลเพื่อธุรกิจไทยในจีนแก่คณะด้วย ซึ่งนายวิศิษฎ์ฯ \r\nแจ้งว่า ได้อ่านข้อมูลต่างๆ บนเว็บไซต์ของศูนย์ฯ และเห็นไว้ได้ให้ข้อมูล \r\nที่เป็นประโยชน์และน่าสนใจ นอกจากนี้สถานกงสุลใหญ่ฯ \r\nมีความยินดีเป็นอย่างยิ่งที่จะช่วยประสานงานกับหน่วยงานที่เกี่ยวข้อง \r\nเพื่อสนับสนุน การดำเนินธุรกิจของภาคเอกชนไทยในจีน\r\n<br><br>ง่วนสูน กรุ๊ป เริ่มต้นจากการทำธุรกิจจำหน่ายพริกไทย \r\nและพัฒนาสู่การผลิตเครื่องปรุงอาหารไทยนานาชนิด \r\nโดยมีการส่งออกสินค้าไปยังประเทศต่างๆ ทั่วโลก ปัจจุบัน ง่วนสูนฯ \r\nได้ก่อตั้งฐานธุรกิจในนครกว่างโจว มณฑลกวางตุ้ง \r\nโดยได้นำเข้าสินค้าเครื่องปรุงอาหารไทยของบริษัทตนเองในไทย \r\nมาจำหน่ายทั้งแบบค้าปลีก/ค้าส่งในจีน \r\nรวมถึงได้กระจายสินค้าไปยังร้านอาหารไทยเกือบ 100 แห่งในจีนด้วย', 'เมื่อวันที่ 11 กันยายน 2557 นายวิศิษฎ์ ลิ้มประนะ ประธานบริษัท อาจจิตต์ อินเตอร์เนชั่นแนล เพ็พเพอร์ แอนด์ สไปซ์ จำกัด (ง่วนสูน : พริกไทยตรามือที่ 1) และคณะ เดินทางเข้าพบหารือเกี่ยวกับการดำเนินธุรกิจในจีนกับกงสุลใหญ่ ณ นครเซี่ยงไฮ้ โดยมีกงสุลเศรษฐกิจ และเจ้าหน้าที่ศูนย์ข้อมูลธุรกิจไทยในจีน (BIC) เข้าร่วมด้วย\r\n<br><br>ในระหว่างการหารือ นายวิศิษฎ์ฯ ได้แจ้งแผนการขยายฐานธุรกิจจำหน่ายเครื่องปรุง\r\nอาหารไทยและเครื่องเทศ “ตรามือที่ 1” โดยเตรียมการก่อตั้ง สำนักงานใหม่ในนครเซี่ยงไฮ้ หลังจากที่มีสำนักงานใหญ่แล้วที่นครกว่างโจว ตลอดจนชี้แจงแผนการทำตลาดในจีนด้วยการจัดส่งพ่อครัวไปสอน การทำอาหารให้แก่ร้านอาหารไทยที่จัดซื้อเครื่องปรุงจากบริษัทฯ เพื่อให้อาหารไทยในจีนมีรสชาติต้นตำรับและสะท้อนเอกลักษณ์ความเป็นไทย ให้แก่ผู้บริโภคชาวจีน\r\n\r\n<br><br>ทั้งนี้ กงสุลใหญ่ฯ ได้ให้ข้อมูลเกี่ยวกับสภาพการพัฒนาตลาดของอาหารไทยในนครเซี่ยงไฮ้และมณฑลใกล้เคียง ตลอดจนชี้แจงภารกิจ ของสถานกงสุลใหญ่ฯ ในด้านการสนับสนุนธุรกิจอาหารไทยในจีนโดยตลอดช่วงที่ผ่านมา สถานกงสุลใหญ่ฯ ได้ร่วมมือกับโรงแรม 5 ดาวในเซี่ยงไฮ้ จัดกิจกรรมสัปดาห์อาหารไทย และ Thai Cooking Class อย่างต่อเนื่อง เพื่อประชาสัมพันธ์ให้ผู้บริโภคจีนมีโอกาสได้รู้จักอาหารไทยอย่างแพร่หลาย รวมทั้งแนะนำศูนย์ข้อมูลเพื่อธุรกิจไทยในจีนแก่คณะด้วย ซึ่งนายวิศิษฎ์ฯ แจ้งว่า ได้อ่านข้อมูลต่างๆ บนเว็บไซต์ของศูนย์ฯ และเห็นไว้ได้ให้ข้อมูล ที่เป็นประโยชน์และน่าสนใจ นอกจากนี้สถานกงสุลใหญ่ฯ มีความยินดีเป็นอย่างยิ่งที่จะช่วยประสานงานกับหน่วยงานที่เกี่ยวข้อง เพื่อสนับสนุน การดำเนินธุรกิจของภาคเอกชนไทยในจีน\r\n<br><br>ง่วนสูน กรุ๊ป เริ่มต้นจากการทำธุรกิจจำหน่ายพริกไทย และพัฒนาสู่การผลิตเครื่องปรุงอาหารไทยนานาชนิด โดยมีการส่งออกสินค้าไปยังประเทศต่างๆ ทั่วโลก ปัจจุบัน ง่วนสูนฯ ได้ก่อตั้งฐานธุรกิจในนครกว่างโจว มณฑลกวางตุ้ง โดยได้นำเข้าสินค้าเครื่องปรุงอาหารไทยของบริษัทตนเองในไทย มาจำหน่ายทั้งแบบค้าปลีก/ค้าส่งในจีน รวมถึงได้กระจายสินค้าไปยังร้านอาหารไทยเกือบ 100 แห่งในจีนด้วย', 'approved', '2015-04-27 00:00:00', '127.0.0.1', '2015-05-04 00:00:00', '127.0.0.1');
INSERT INTO `news` VALUES (2, 'abe791093cac7c855f3cfce290f562342.jpg', 'e70f8f0abafb90e507df16d8bb0a53412.jpg', 'abe791093cac7c855f3cfce290f562342.jpg', 'abe791093cac7c855f3cfce290f562342.jpg', 'abe791093cac7c855f3cfce290f562342.jpg', 'ผู้บริหารง่วนสูน (พริกไทยตรามือที่ 1) พบหารือกับกงสุลใหญ่ฯ', 'ผู้บริหารง่วนสูน (พริกไทยตรามือที่ 1) พบหารือกับกงสุลใหญ่ฯ', 'เมื่อวันที่ 11 กันยายน 2557 นายวิศิษฎ์ ลิ้มประนะ ประธานบริษัท อาจจิตต์ \r\nอินเตอร์เนชั่นแนล เพ็พเพอร์ แอนด์ สไปซ์ จำกัด \r\n        (ง่วนสูน : พริกไทยตรามือที่ 1) และคณะ \r\nเดินทางเข้าพบหารือเกี่ยวกับการดำเนินธุรกิจในจีนกับกงสุลใหญ่ ณ \r\nนครเซี่ยงไฮ้ โดยมีกงสุลเศรษฐกิจ\r\n        และเจ้าหน้าที่ศูนย์ข้อมูลธุรกิจไทยในจีน (BIC) เข้าร่วมด้วย', 'เมื่อวันที่ 11 กันยายน 2557 นายวิศิษฎ์ ลิ้มประนะ ประธานบริษัท อาจจิตต์ \r\nอินเตอร์เนชั่นแนล เพ็พเพอร์ แอนด์ สไปซ์ จำกัด \r\n        (ง่วนสูน : พริกไทยตรามือที่ 1) และคณะ \r\nเดินทางเข้าพบหารือเกี่ยวกับการดำเนินธุรกิจในจีนกับกงสุลใหญ่ ณ \r\nนครเซี่ยงไฮ้ โดยมีกงสุลเศรษฐกิจ\r\n        และเจ้าหน้าที่ศูนย์ข้อมูลธุรกิจไทยในจีน (BIC) เข้าร่วมด้วย', 'เมื่อวันที่ 11 กันยายน 2557 นายวิศิษฎ์ ลิ้มประนะ ประธานบริษัท อาจจิตต์ \r\nอินเตอร์เนชั่นแนล เพ็พเพอร์ แอนด์ สไปซ์ จำกัด \r\n        (ง่วนสูน : พริกไทยตรามือที่ 1) และคณะ \r\nเดินทางเข้าพบหารือเกี่ยวกับการดำเนินธุรกิจในจีนกับกงสุลใหญ่ ณ \r\nนครเซี่ยงไฮ้ โดยมีกงสุลเศรษฐกิจ\r\n        และเจ้าหน้าที่ศูนย์ข้อมูลธุรกิจไทยในจีน (BIC) เข้าร่วมด้วย<br><br>ในระหว่างการหารือ นายวิศิษฎ์ฯ ได้แจ้งแผนการขยายฐานธุรกิจจำหน่ายเครื่องปรุง<br>อาหาร\r\nไทยและเครื่องเทศ “ตรามือที่ 1” โดยเตรียมการก่อตั้ง\r\n        สำนักงานใหม่ในนครเซี่ยงไฮ้ \r\nหลังจากที่มีสำนักงานใหญ่แล้วที่นครกว่างโจว \r\nตลอดจนชี้แจงแผนการทำตลาดในจีนด้วยการจัดส่งพ่อครัวไปสอน\r\n        การทำอาหารให้แก่ร้านอาหารไทยที่จัดซื้อเครื่องปรุงจากบริษัทฯ \r\nเพื่อให้อาหารไทยในจีนมีรสชาติต้นตำรับและสะท้อนเอกลักษณ์ความเป็นไทย\r\n        ให้แก่ผู้บริโภคชาวจีน<br><br>\r\n            ทั้งนี้ กงสุลใหญ่ฯ \r\nได้ให้ข้อมูลเกี่ยวกับสภาพการพัฒนาตลาดของอาหารไทยในนครเซี่ยงไฮ้และมณฑล\r\nใกล้เคียง ตลอดจนชี้แจงภารกิจ\r\n        ของสถานกงสุลใหญ่ฯ \r\nในด้านการสนับสนุนธุรกิจอาหารไทยในจีนโดยตลอดช่วงที่ผ่านมา สถานกงสุลใหญ่ฯ \r\nได้ร่วมมือกับโรงแรม 5 ดาวในเซี่ยงไฮ้\r\n        จัดกิจกรรมสัปดาห์อาหารไทย และ Thai Cooking Class อย่างต่อเนื่อง \r\nเพื่อประชาสัมพันธ์ให้ผู้บริโภคจีนมีโอกาสได้รู้จักอาหารไทยอย่างแพร่หลาย \r\n        รวมทั้งแนะนำศูนย์ข้อมูลเพื่อธุรกิจไทยในจีนแก่คณะด้วย \r\nซึ่งนายวิศิษฎ์ฯ แจ้งว่า ได้อ่านข้อมูลต่างๆ บนเว็บไซต์ของศูนย์ฯ \r\nและเห็นไว้ได้ให้ข้อมูล\r\n        ที่เป็นประโยชน์และน่าสนใจ นอกจากนี้สถานกงสุลใหญ่ฯ \r\nมีความยินดีเป็นอย่างยิ่งที่จะช่วยประสานงานกับหน่วยงานที่เกี่ยวข้อง \r\nเพื่อสนับสนุน\r\n        การดำเนินธุรกิจของภาคเอกชนไทยในจีน<br><br>\r\n        ง่วนสูน กรุ๊ป เริ่มต้นจากการทำธุรกิจจำหน่ายพริกไทย \r\nและพัฒนาสู่การผลิตเครื่องปรุงอาหารไทยนานาชนิด \r\nโดยมีการส่งออกสินค้าไปยังประเทศต่างๆ \r\n        	ทั่วโลก ปัจจุบัน ง่วนสูนฯ ได้ก่อตั้งฐานธุรกิจในนครกว่างโจว \r\nมณฑลกวางตุ้ง โดยได้นำเข้าสินค้าเครื่องปรุงอาหารไทยของบริษัทตนเองในไทย\r\n        มาจำหน่ายทั้งแบบค้าปลีก/ค้าส่งในจีน \r\nรวมถึงได้กระจายสินค้าไปยังร้านอาหารไทยเกือบ 100 แห่งในจีนด้วย\r\n        <br>', 'เมื่อวันที่ 11 กันยายน 2557 นายวิศิษฎ์ ลิ้มประนะ ประธานบริษัท อาจจิตต์ \r\nอินเตอร์เนชั่นแนล เพ็พเพอร์ แอนด์ สไปซ์ จำกัด \r\n        (ง่วนสูน : พริกไทยตรามือที่ 1) และคณะ \r\nเดินทางเข้าพบหารือเกี่ยวกับการดำเนินธุรกิจในจีนกับกงสุลใหญ่ ณ \r\nนครเซี่ยงไฮ้ โดยมีกงสุลเศรษฐกิจ\r\n        และเจ้าหน้าที่ศูนย์ข้อมูลธุรกิจไทยในจีน (BIC) เข้าร่วมด้วย<br><br>ในระหว่างการหารือ นายวิศิษฎ์ฯ ได้แจ้งแผนการขยายฐานธุรกิจจำหน่ายเครื่องปรุง<br>อาหาร\r\nไทยและเครื่องเทศ “ตรามือที่ 1” โดยเตรียมการก่อตั้ง\r\n        สำนักงานใหม่ในนครเซี่ยงไฮ้ \r\nหลังจากที่มีสำนักงานใหญ่แล้วที่นครกว่างโจว \r\nตลอดจนชี้แจงแผนการทำตลาดในจีนด้วยการจัดส่งพ่อครัวไปสอน\r\n        การทำอาหารให้แก่ร้านอาหารไทยที่จัดซื้อเครื่องปรุงจากบริษัทฯ \r\nเพื่อให้อาหารไทยในจีนมีรสชาติต้นตำรับและสะท้อนเอกลักษณ์ความเป็นไทย\r\n        ให้แก่ผู้บริโภคชาวจีน<br><br>\r\n            ทั้งนี้ กงสุลใหญ่ฯ \r\nได้ให้ข้อมูลเกี่ยวกับสภาพการพัฒนาตลาดของอาหารไทยในนครเซี่ยงไฮ้และมณฑล\r\nใกล้เคียง ตลอดจนชี้แจงภารกิจ\r\n        ของสถานกงสุลใหญ่ฯ \r\nในด้านการสนับสนุนธุรกิจอาหารไทยในจีนโดยตลอดช่วงที่ผ่านมา สถานกงสุลใหญ่ฯ \r\nได้ร่วมมือกับโรงแรม 5 ดาวในเซี่ยงไฮ้\r\n        จัดกิจกรรมสัปดาห์อาหารไทย และ Thai Cooking Class อย่างต่อเนื่อง \r\nเพื่อประชาสัมพันธ์ให้ผู้บริโภคจีนมีโอกาสได้รู้จักอาหารไทยอย่างแพร่หลาย \r\n        รวมทั้งแนะนำศูนย์ข้อมูลเพื่อธุรกิจไทยในจีนแก่คณะด้วย \r\nซึ่งนายวิศิษฎ์ฯ แจ้งว่า ได้อ่านข้อมูลต่างๆ บนเว็บไซต์ของศูนย์ฯ \r\nและเห็นไว้ได้ให้ข้อมูล\r\n        ที่เป็นประโยชน์และน่าสนใจ นอกจากนี้สถานกงสุลใหญ่ฯ \r\nมีความยินดีเป็นอย่างยิ่งที่จะช่วยประสานงานกับหน่วยงานที่เกี่ยวข้อง \r\nเพื่อสนับสนุน\r\n        การดำเนินธุรกิจของภาคเอกชนไทยในจีน<br><br>\r\n        ง่วนสูน กรุ๊ป เริ่มต้นจากการทำธุรกิจจำหน่ายพริกไทย \r\nและพัฒนาสู่การผลิตเครื่องปรุงอาหารไทยนานาชนิด \r\nโดยมีการส่งออกสินค้าไปยังประเทศต่างๆ \r\n        	ทั่วโลก ปัจจุบัน ง่วนสูนฯ ได้ก่อตั้งฐานธุรกิจในนครกว่างโจว \r\nมณฑลกวางตุ้ง โดยได้นำเข้าสินค้าเครื่องปรุงอาหารไทยของบริษัทตนเองในไทย\r\n        มาจำหน่ายทั้งแบบค้าปลีก/ค้าส่งในจีน \r\nรวมถึงได้กระจายสินค้าไปยังร้านอาหารไทยเกือบ 100 แห่งในจีนด้วย\r\n        <br>', 'discard', '2015-05-04 00:00:00', '127.0.0.1', '2015-05-04 00:00:00', '127.0.0.1');
INSERT INTO `news` VALUES (3, 'abe791093cac7c855f3cfce290f562343.jpg', 'e70f8f0abafb90e507df16d8bb0a53413.jpg', '2eee6041b05b3d00d3684033c34029933.jpg', '97218fb1d27137a94f9d9fa1fc36eb023.jpg', '875e56cc4ac5dda33a4200b45d42755e3.jpg', 'testrtr', 'trtrte', 'fghfg<br>', 'gfhfgh<br>', 'fgh<br>', 'hfgh<br>', 'discard', '2015-05-04 00:00:00', '127.0.0.1', '0000-00-00 00:00:00', '000.000.000.000');
INSERT INTO `news` VALUES (4, '4d301cc8222502ae38393acef1b6bccc4.jpg', '2e04b575ce5d29b70bdc2244c49010234.jpg', '97218fb1d27137a94f9d9fa1fc36eb024.jpg', 'abe791093cac7c855f3cfce290f562344.jpg', 'f9fec0e4247636c82ec18c37d3c4be384.jpg', 'gy', 'gy', 'gy', 'gy', 'gy', 'gy', 'discard', '2015-05-05 00:00:00', '127.0.0.1', '0000-00-00 00:00:00', '000.000.000.000');
INSERT INTO `news` VALUES (5, 'abe791093cac7c855f3cfce290f562345.jpg', 'abe791093cac7c855f3cfce290f562345.jpg', 'abe791093cac7c855f3cfce290f562345.jpg', 'abe791093cac7c855f3cfce290f562345.jpg', 'abe791093cac7c855f3cfce290f562345.jpg', 'ผู้บริหารง่วนสูน (พริกไทยตรามือที่ 1) พบหารือกับกงสุลใหญ่ฯ', 'ผู้บริหารง่วนสูน (พริกไทยตรามือที่ 1) พบหารือกับกงสุลใหญ่ฯ', 'เมื่อวันที่ 11 กันยายน 2557 นายวิศิษฎ์ ลิ้มประนะ ประธานบริษัท อาจจิตต์ \r\nอินเตอร์เนชั่นแนล เพ็พเพอร์ แอนด์ สไปซ์ จำกัด และคณะ \r\nเดินทางเข้าพบหารือเกี่ยวกับการดำเนินธุรกิจในจีน', 'เมื่อวันที่ 11 กันยายน 2557 นายวิศิษฎ์ ลิ้มประนะ ประธานบริษัท อาจจิตต์ \r\nอินเตอร์เนชั่นแนล เพ็พเพอร์ แอนด์ สไปซ์ จำกัด และคณะ \r\nเดินทางเข้าพบหารือเกี่ยวกับการดำเนินธุรกิจในจีน', 'เมื่อวันที่ 11 กันยายน 2557 นายวิศิษฎ์ ลิ้มประนะ ประธานบริษัท อาจจิตต์ \r\nอินเตอร์เนชั่นแนล เพ็พเพอร์ แอนด์ สไปซ์ จำกัด (ง่วนสูน : \r\nพริกไทยตรามือที่ 1) และคณะ \r\nเดินทางเข้าพบหารือเกี่ยวกับการดำเนินธุรกิจในจีนกับกงสุลใหญ่ ณ \r\nนครเซี่ยงไฮ้ โดยมีกงสุลเศรษฐกิจ และเจ้าหน้าที่ศูนย์ข้อมูลธุรกิจไทยในจีน \r\n(BIC) เข้าร่วมด้วย\r\n<br><br>ในระหว่างการหารือ นายวิศิษฎ์ฯ \r\nได้แจ้งแผนการขยายฐานธุรกิจจำหน่ายเครื่องปรุง\r\nอาหารไทยและเครื่องเทศ “ตรามือที่ 1” โดยเตรียมการก่อตั้ง \r\nสำนักงานใหม่ในนครเซี่ยงไฮ้ หลังจากที่มีสำนักงานใหญ่แล้วที่นครกว่างโจว \r\nตลอดจนชี้แจงแผนการทำตลาดในจีนด้วยการจัดส่งพ่อครัวไปสอน \r\nการทำอาหารให้แก่ร้านอาหารไทยที่จัดซื้อเครื่องปรุงจากบริษัทฯ \r\nเพื่อให้อาหารไทยในจีนมีรสชาติต้นตำรับและสะท้อนเอกลักษณ์ความเป็นไทย \r\nให้แก่ผู้บริโภคชาวจีน\r\n\r\n<br><br>ทั้งนี้ กงสุลใหญ่ฯ \r\nได้ให้ข้อมูลเกี่ยวกับสภาพการพัฒนาตลาดของอาหารไทยในนครเซี่ยงไฮ้และมณฑล\r\nใกล้เคียง ตลอดจนชี้แจงภารกิจ ของสถานกงสุลใหญ่ฯ \r\nในด้านการสนับสนุนธุรกิจอาหารไทยในจีนโดยตลอดช่วงที่ผ่านมา สถานกงสุลใหญ่ฯ \r\nได้ร่วมมือกับโรงแรม 5 ดาวในเซี่ยงไฮ้ จัดกิจกรรมสัปดาห์อาหารไทย และ Thai \r\nCooking Class อย่างต่อเนื่อง \r\nเพื่อประชาสัมพันธ์ให้ผู้บริโภคจีนมีโอกาสได้รู้จักอาหารไทยอย่างแพร่หลาย \r\nรวมทั้งแนะนำศูนย์ข้อมูลเพื่อธุรกิจไทยในจีนแก่คณะด้วย ซึ่งนายวิศิษฎ์ฯ \r\nแจ้งว่า ได้อ่านข้อมูลต่างๆ บนเว็บไซต์ของศูนย์ฯ และเห็นไว้ได้ให้ข้อมูล \r\nที่เป็นประโยชน์และน่าสนใจ นอกจากนี้สถานกงสุลใหญ่ฯ \r\nมีความยินดีเป็นอย่างยิ่งที่จะช่วยประสานงานกับหน่วยงานที่เกี่ยวข้อง \r\nเพื่อสนับสนุน การดำเนินธุรกิจของภาคเอกชนไทยในจีน\r\n<br><br>ง่วนสูน กรุ๊ป เริ่มต้นจากการทำธุรกิจจำหน่ายพริกไทย \r\nและพัฒนาสู่การผลิตเครื่องปรุงอาหารไทยนานาชนิด \r\nโดยมีการส่งออกสินค้าไปยังประเทศต่างๆ ทั่วโลก ปัจจุบัน ง่วนสูนฯ \r\nได้ก่อตั้งฐานธุรกิจในนครกว่างโจว มณฑลกวางตุ้ง \r\nโดยได้นำเข้าสินค้าเครื่องปรุงอาหารไทยของบริษัทตนเองในไทย \r\nมาจำหน่ายทั้งแบบค้าปลีก/ค้าส่งในจีน \r\nรวมถึงได้กระจายสินค้าไปยังร้านอาหารไทยเกือบ 100 แห่งในจีนด้วย', 'เมื่อวันที่ 11 กันยายน 2557 นายวิศิษฎ์ ลิ้มประนะ ประธานบริษัท อาจจิตต์ \r\nอินเตอร์เนชั่นแนล เพ็พเพอร์ แอนด์ สไปซ์ จำกัด (ง่วนสูน : \r\nพริกไทยตรามือที่ 1) และคณะ \r\nเดินทางเข้าพบหารือเกี่ยวกับการดำเนินธุรกิจในจีนกับกงสุลใหญ่ ณ \r\nนครเซี่ยงไฮ้ โดยมีกงสุลเศรษฐกิจ และเจ้าหน้าที่ศูนย์ข้อมูลธุรกิจไทยในจีน \r\n(BIC) เข้าร่วมด้วย\r\n<br><br>ในระหว่างการหารือ นายวิศิษฎ์ฯ \r\nได้แจ้งแผนการขยายฐานธุรกิจจำหน่ายเครื่องปรุง\r\nอาหารไทยและเครื่องเทศ “ตรามือที่ 1” โดยเตรียมการก่อตั้ง \r\nสำนักงานใหม่ในนครเซี่ยงไฮ้ หลังจากที่มีสำนักงานใหญ่แล้วที่นครกว่างโจว \r\nตลอดจนชี้แจงแผนการทำตลาดในจีนด้วยการจัดส่งพ่อครัวไปสอน \r\nการทำอาหารให้แก่ร้านอาหารไทยที่จัดซื้อเครื่องปรุงจากบริษัทฯ \r\nเพื่อให้อาหารไทยในจีนมีรสชาติต้นตำรับและสะท้อนเอกลักษณ์ความเป็นไทย \r\nให้แก่ผู้บริโภคชาวจีน\r\n\r\n<br><br>ทั้งนี้ กงสุลใหญ่ฯ \r\nได้ให้ข้อมูลเกี่ยวกับสภาพการพัฒนาตลาดของอาหารไทยในนครเซี่ยงไฮ้และมณฑล\r\nใกล้เคียง ตลอดจนชี้แจงภารกิจ ของสถานกงสุลใหญ่ฯ \r\nในด้านการสนับสนุนธุรกิจอาหารไทยในจีนโดยตลอดช่วงที่ผ่านมา สถานกงสุลใหญ่ฯ \r\nได้ร่วมมือกับโรงแรม 5 ดาวในเซี่ยงไฮ้ จัดกิจกรรมสัปดาห์อาหารไทย และ Thai \r\nCooking Class อย่างต่อเนื่อง \r\nเพื่อประชาสัมพันธ์ให้ผู้บริโภคจีนมีโอกาสได้รู้จักอาหารไทยอย่างแพร่หลาย \r\nรวมทั้งแนะนำศูนย์ข้อมูลเพื่อธุรกิจไทยในจีนแก่คณะด้วย ซึ่งนายวิศิษฎ์ฯ \r\nแจ้งว่า ได้อ่านข้อมูลต่างๆ บนเว็บไซต์ของศูนย์ฯ และเห็นไว้ได้ให้ข้อมูล \r\nที่เป็นประโยชน์และน่าสนใจ นอกจากนี้สถานกงสุลใหญ่ฯ \r\nมีความยินดีเป็นอย่างยิ่งที่จะช่วยประสานงานกับหน่วยงานที่เกี่ยวข้อง \r\nเพื่อสนับสนุน การดำเนินธุรกิจของภาคเอกชนไทยในจีน\r\n<br><br>ง่วนสูน กรุ๊ป เริ่มต้นจากการทำธุรกิจจำหน่ายพริกไทย \r\nและพัฒนาสู่การผลิตเครื่องปรุงอาหารไทยนานาชนิด \r\nโดยมีการส่งออกสินค้าไปยังประเทศต่างๆ ทั่วโลก ปัจจุบัน ง่วนสูนฯ \r\nได้ก่อตั้งฐานธุรกิจในนครกว่างโจว มณฑลกวางตุ้ง \r\nโดยได้นำเข้าสินค้าเครื่องปรุงอาหารไทยของบริษัทตนเองในไทย \r\nมาจำหน่ายทั้งแบบค้าปลีก/ค้าส่งในจีน \r\nรวมถึงได้กระจายสินค้าไปยังร้านอาหารไทยเกือบ 100 แห่งในจีนด้วย', 'approved', '2015-05-05 00:00:00', '127.0.0.1', '0000-00-00 00:00:00', '000.000.000.000');

-- --------------------------------------------------------

-- 
-- Table structure for table `product`
-- 

CREATE TABLE `product` (
  `product_id` int(11) NOT NULL auto_increment,
  `category_id` int(11) NOT NULL default '0',
  `product_type` enum('item','package') NOT NULL default 'item',
  `product_title_th` varchar(255) NOT NULL default 'Product Title',
  `product_title_en` varchar(255) default NULL,
  `product_thumbnail` varchar(255) default NULL,
  `product_image` varchar(255) default NULL,
  `product_sdesc_th` text,
  `product_sdesc_en` text,
  `product_desc_th` text,
  `product_desc_en` text,
  `product_price` int(11) NOT NULL default '0',
  `product_sprice` int(11) NOT NULL default '0',
  `product_promotion` enum('yes','no') NOT NULL default 'no',
  `product_hilight` int(1) default NULL,
  `product_skip_fee` enum('yes','no') default 'no',
  `product_status` enum('approved','pending','discard') NOT NULL default 'approved',
  `product_fea` enum('hot','new','none') NOT NULL default 'none',
  `product_seq` int(11) NOT NULL,
  `product_createdtime` datetime NOT NULL default '0000-00-00 00:00:00',
  `product_createdip` varchar(15) NOT NULL default '000.000.000.000',
  `product_updatedtime` datetime NOT NULL default '0000-00-00 00:00:00',
  `product_updatedip` varchar(15) NOT NULL default '000.000.000.000',
  PRIMARY KEY  (`product_id`),
  KEY `category` (`category_id`)
) ENGINE=MyISAM  DEFAULT CHARSET=utf8 AUTO_INCREMENT=31 ;

-- 
-- Dumping data for table `product`
-- 

INSERT INTO `product` VALUES (1, 1, 'item', 'น้ำจิ้มซีฟู๊ดชนิดผง', 'น้ำจิ้มซีฟู๊ดชนิดผง', '146ba465dda6239d16ae0d998a7cb7a11.jpg', '146ba465dda6239d16ae0d998a7cb7a11.jpg', ' Packing : 30gx12x4 <br />\r\n			N.W./G.W. : <br />\r\n			Carton size : 25.1x11.8x18.5 <br />', ' Packing : 30gx12x4 <br />\r\n			N.W./G.W. : <br />\r\n			Carton size : 25.1x11.8x18.5 <br />', ' Packing : 30gx12x4 <br />\r\n			N.W./G.W. : <br />\r\n			Carton size : 25.1x11.8x18.5 <br />', ' Packing : 30gx12x4 <br />\r\n			N.W./G.W. : <br />\r\n			Carton size : 25.1x11.8x18.5 <br />', 0, 0, 'no', 1, 'no', 'discard', 'none', 19, '2015-04-22 00:00:00', '127.0.0.1', '2015-04-23 00:00:00', '127.0.0.1');
INSERT INTO `product` VALUES (2, 1, 'package', 'ผงน้ำจิ้มแจ่วเผ็ดมาก', 'ผงน้ำจิ้มแจ่วเผ็ดมาก', '678ce57e91899b94f852a6eef1382ee02.jpg', '678ce57e91899b94f852a6eef1382ee02.jpg', 'Packing : 60 g x 48<br>\r\nN.W./G.W. : 2.9/8.9<br>\r\nCarton size : 22.8*35*20.5 (0.58)', 'Packing : 60 g x 48<br>\r\nN.W./G.W. : 2.9/8.9<br>\r\nCarton size : 22.8*35*20.5 (0.58)', 'Packing : 60 g x 48<br>\r\nN.W./G.W. : 2.9/8.9<br>\r\nCarton size : 22.8*35*20.5 (0.58)', 'Packing : 60 g x 48<br>\r\nN.W./G.W. : 2.9/8.9<br>\r\nCarton size : 22.8*35*20.5 (0.58)', 0, 0, 'no', 0, 'no', 'approved', 'none', 18, '2015-04-22 00:00:00', '127.0.0.1', '2015-05-06 00:00:00', '127.0.0.1');
INSERT INTO `product` VALUES (3, 1, 'package', 'น้ำพริกกะปิกึ่งสำเร็จรูป', 'น้ำพริกกะปิกึ่งสำเร็จรูป', '146ba465dda6239d16ae0d998a7cb7a13.jpg', '146ba465dda6239d16ae0d998a7cb7a13.jpg', 'Packing : 60 g x 48<br>\r\nN.W./G.W. : 2.9/8.9<br>\r\nCarton size : 22.8*35*20.5 (0.58)', 'Packing : 60 g x 48<br>\r\nN.W./G.W. : 2.9/8.9<br>\r\nCarton size : 22.8*35*20.5 (0.58)', 'Packing : 60 g x 48<br>\r\nN.W./G.W. : 2.9/8.9<br>\r\nCarton size : 22.8*35*20.5 (0.58)', 'Packing : 60 g x 48<br>\r\nN.W./G.W. : 2.9/8.9<br>\r\nCarton size : 22.8*35*20.5 (0.58)', 0, 0, 'no', 1, 'no', 'approved', 'none', 9, '2015-04-22 00:00:00', '127.0.0.1', '2015-05-06 00:00:00', '127.0.0.1');
INSERT INTO `product` VALUES (28, 1, 'item', 'ผงน้ำจิ้มแจ่วเผ็ดมาก', 'ผงน้ำจิ้มแจ่วเผ็ดมาก', '1d95d7bb54b825bfed9f3a9c358d97c028.jpg', '5ef3df8664a2f1d1b4018d5f3126751c28.jpg', 'Packing : 60 g x 48<br>\r\nN.W./G.W. : 2.9/8.9<br>\r\nCarton size : 22.8*35*20.5 (0.58)', 'Packing : 60 g x 48<br>\r\nN.W./G.W. : 2.9/8.9<br>\r\nCarton size : 22.8*35*20.5 (0.58)', 'Packing : 60 g x 48<br>\r\nN.W./G.W. : 2.9/8.9<br>\r\nCarton size : 22.8*35*20.5 (0.58)', 'Packing : 60 g x 48<br>\r\nN.W./G.W. : 2.9/8.9<br>\r\nCarton size : 22.8*35*20.5 (0.58)', 0, 0, 'no', 0, 'no', 'approved', 'none', 3, '2015-05-04 00:00:00', '127.0.0.1', '2015-05-06 00:00:00', '127.0.0.1');
INSERT INTO `product` VALUES (4, 1, 'item', 'ผงเครื่องแกงส้มกึ่งสำเร็จรูป', 'ผงเครื่องแกงส้มกึ่งสำเร็จรูป', '678ce57e91899b94f852a6eef1382ee04.jpg', '678ce57e91899b94f852a6eef1382ee04.jpg', 'Packing : 60 g x 48<br>\r\nN.W./G.W. : 2.9/8.9<br>\r\nCarton size : 22.8*35*20.5 (0.58)', 'Packing : 60 g x 48<br>\r\nN.W./G.W. : 2.9/8.9<br>\r\nCarton size : 22.8*35*20.5 (0.58)', 'Packing : 60 g x 48<br>\r\nN.W./G.W. : 2.9/8.9<br>\r\nCarton size : 22.8*35*20.5 (0.58)', 'Packing : 60 g x 48<br>\r\nN.W./G.W. : 2.9/8.9<br>\r\nCarton size : 22.8*35*20.5 (0.58)', 0, 0, 'no', 0, 'no', 'approved', 'none', 17, '2015-04-22 00:00:00', '127.0.0.1', '2015-05-06 00:00:00', '127.0.0.1');
INSERT INTO `product` VALUES (27, 1, 'item', 'ผงน้ำจิ้มแจ่วเผ็ดมาก', 'ผงน้ำจิ้มแจ่วเผ็ดมาก', 'b7c25ffcc79bfc270bed9e4a9838651627.jpg', '1e8d834189cae83bed633765d38ce6e427.jpg', '<div align="left">777</div>', '777', '777', '777', 0, 0, 'no', 0, 'no', 'discard', 'none', 4, '2015-05-04 00:00:00', '127.0.0.1', '2015-05-04 00:00:00', '127.0.0.1');
INSERT INTO `product` VALUES (5, 5, 'item', 'พริกไทยเม็ดขาว', 'พริกไทยเม็ดขาว', '34fc446e83b7e5aca92cb829a7210d705.jpg', '34fc446e83b7e5aca92cb829a7210d705.jpg', 'Packing : 60g*48 <br>\r\nN.W./G.W. : 2.9/9.4 <br>\r\nCarton size : 22.8*35*20.5 (0.58)', 'Packing : 60g*48 <br>\r\nN.W./G.W. : 2.9/9.4 <br>\r\nCarton size : 22.8*35*20.5 (0.58)', 'Packing : 60g*48 <br>\r\nN.W./G.W. : 2.9/9.4 <br>\r\nCarton size : 22.8*35*20.5 (0.58)', 'Packing : 60g*48 <br>\r\nN.W./G.W. : 2.9/9.4 <br>\r\nCarton size : 22.8*35*20.5 (0.58)', 0, 0, 'no', 0, 'no', 'approved', 'hot', 6, '2015-04-22 00:00:00', '127.0.0.1', '2015-05-06 00:00:00', '127.0.0.1');
INSERT INTO `product` VALUES (6, 5, 'item', 'พริกไทยเม็ดขาว (พร้อมฝาบด)', 'พริกไทยเม็ดขาว (พร้อมฝาบด)', 'a4a2ec344ce87503e8573bf20b2111016.jpg', 'a4a2ec344ce87503e8573bf20b2111016.jpg', 'Packing : 60g*48 <br>\r\nN.W./G.W. : 2.9/9.4 <br>\r\nCarton size : 22.8*35*20.5 (0.58)', 'Packing : 60g*48 <br>\r\nN.W./G.W. : 2.9/9.4 <br>\r\nCarton size : 22.8*35*20.5 (0.58)', 'Packing : 60g*48 <br>\r\nN.W./G.W. : 2.9/9.4 <br>\r\nCarton size : 22.8*35*20.5 (0.58)', 'Packing : 60g*48 <br>\r\nN.W./G.W. : 2.9/9.4 <br>\r\nCarton size : 22.8*35*20.5 (0.58)', 0, 0, 'no', 0, 'no', 'approved', 'hot', 5, '2015-04-22 00:00:00', '127.0.0.1', '2015-05-06 00:00:00', '127.0.0.1');
INSERT INTO `product` VALUES (7, 5, 'item', 'พริกไทยเม็ดดำ (พร้อมฝาบด)', 'พริกไทยเม็ดดำ (พร้อมฝาบด)', '95df03a2faa7df9df851e01fc420524a7.jpg', '95df03a2faa7df9df851e01fc420524a7.jpg', 'Packing : 60g*48 <br>\r\nN.W./G.W. : 2.9/9.4 <br>\r\nCarton size : 22.8*35*20.5 (0.58)', 'Packing : 60g*48 <br>\r\nN.W./G.W. : 2.9/9.4 <br>\r\nCarton size : 22.8*35*20.5 (0.58)', 'Packing : 60g*48 <br>\r\nN.W./G.W. : 2.9/9.4 <br>\r\nCarton size : 22.8*35*20.5 (0.58)', 'Packing : 60g*48 <br>\r\nN.W./G.W. : 2.9/9.4 <br>\r\nCarton size : 22.8*35*20.5 (0.58)', 0, 0, 'no', 0, 'no', 'approved', 'hot', 4, '2015-04-22 00:00:00', '127.0.0.1', '2015-05-06 00:00:00', '127.0.0.1');
INSERT INTO `product` VALUES (8, 5, 'item', 'พริกไทยขาวป่น', 'พริกไทยขาวป่น', '77a50083afe574ebec00b4c3ae4d6c838.jpg', '77a50083afe574ebec00b4c3ae4d6c838.jpg', 'Packing : 60g*48 <br>\r\nN.W./G.W. : 2.9/9.4 <br>\r\nCarton size : 22.8*35*20.5 (0.58)', 'Packing : 60g*48 <br>\r\nN.W./G.W. : 2.9/9.4 <br>\r\nCarton size : 22.8*35*20.5 (0.58)', 'Packing : 60g*48 <br>\r\nN.W./G.W. : 2.9/9.4 <br>\r\nCarton size : 22.8*35*20.5 (0.58)', 'Packing : 60g*48 <br>\r\nN.W./G.W. : 2.9/9.4 <br>\r\nCarton size : 22.8*35*20.5 (0.58)', 0, 0, 'no', 0, 'no', 'approved', 'hot', 3, '2015-04-22 00:00:00', '127.0.0.1', '2015-05-06 00:00:00', '127.0.0.1');
INSERT INTO `product` VALUES (9, 5, 'item', 'พริกไทยเม็ดดำ', 'พริกไทยเม็ดดำ', '01604de615b208948cfef2f01489bad69.jpg', '01604de615b208948cfef2f01489bad69.jpg', 'Packing : 60g*48\r\nN.W./G.W. : 2.9/9.4\r\nCarton size : 22.8*35*20.5 (0.58)', 'Packing : 60g*48\r\nN.W./G.W. : 2.9/9.4\r\nCarton size : 22.8*35*20.5 (0.58)', 'Packing : 60g*48\r\nN.W./G.W. : 2.9/9.4\r\nCarton size : 22.8*35*20.5 (0.58)', 'Packing : 60g*48\r\nN.W./G.W. : 2.9/9.4\r\nCarton size : 22.8*35*20.5 (0.58)', 0, 0, 'no', 0, 'no', 'approved', 'hot', 2, '2015-04-22 00:00:00', '127.0.0.1', '2015-05-06 00:00:00', '127.0.0.1');
INSERT INTO `product` VALUES (10, 5, 'item', 'พริกไทยดำป่น', 'พริกไทยดำป่น', 'fd97ce827e6bbd804954c379fd74420810.jpg', 'fd97ce827e6bbd804954c379fd74420810.jpg', 'Packing : 60g*48 <br>\r\nN.W./G.W. : 2.9/9.4 <br>\r\nCarton size : 22.8*35*20.5 (0.58)', 'Packing : 60g*48 <br>\r\nN.W./G.W. : 2.9/9.4 <br>\r\nCarton size : 22.8*35*20.5 (0.58)', 'Packing : 60g*48 <br>\r\nN.W./G.W. : 2.9/9.4 <br>\r\nCarton size : 22.8*35*20.5 (0.58)', 'Packing : 60g*48 <br>\r\nN.W./G.W. : 2.9/9.4 <br>\r\nCarton size : 22.8*35*20.5 (0.58)', 0, 0, 'no', 0, 'no', 'approved', 'hot', 1, '2015-04-22 00:00:00', '127.0.0.1', '2015-05-06 00:00:00', '127.0.0.1');
INSERT INTO `product` VALUES (11, 4, 'item', 'พริกไทยtest', 'พริกไทยtest', 'ed92eff813a02a31a2677be0563a073911.jpg', 'ed92eff813a02a31a2677be0563a073911.jpg', 'Packing : 60g*48 <br>\r\nN.W./G.W. : 2.9/9.4 <br>\r\nCarton size : 22.8*35*20.5 (0.58)', 'Packing : 60g*48 <br>\r\nN.W./G.W. : 2.9/9.4 <br>\r\nCarton size : 22.8*35*20.5 (0.58)', 'Packing : 60g*48 <br>\r\nN.W./G.W. : 2.9/9.4 <br>\r\nCarton size : 22.8*35*20.5 (0.58)', 'Packing : 60g*48 <br>\r\nN.W./G.W. : 2.9/9.4 <br>\r\nCarton size : 22.8*35*20.5 (0.58)', 0, 0, 'no', 1, 'no', 'approved', 'hot', 5, '2015-04-22 00:00:00', '127.0.0.1', '2015-05-06 00:00:00', '127.0.0.1');
INSERT INTO `product` VALUES (12, 4, 'item', 'พริกไทยtest', 'พริกไทยtest', '13207e3d5722030f6c97d69b4904d39d12.jpg', '13207e3d5722030f6c97d69b4904d39d12.jpg', 'Packing : 45 g <br>\r\nN.W./G.W. : <br>\r\nCarton size : ', 'Packing : 45 g <br>\r\nN.W./G.W. : <br>\r\nCarton size : ', 'Packing : 45 g <br>\r\nN.W./G.W. : <br>\r\nCarton size : ', 'Packing : 45 g <br>\r\nN.W./G.W. : <br>\r\nCarton size : ', 0, 0, 'no', 1, 'no', 'approved', 'hot', 4, '2015-04-22 00:00:00', '127.0.0.1', '2015-05-06 00:00:00', '127.0.0.1');
INSERT INTO `product` VALUES (13, 4, 'item', 'พริกไทยtest', 'พริกไทยtest', '7bc3ca68769437ce986455407dab2a1f13.jpg', '7bc3ca68769437ce986455407dab2a1f13.jpg', 'Packing : 60g*48 <br>\r\nN.W./G.W. : 2.9/9.4 <br>\r\nCarton size : 22.8*35*20.5 (0.58)', 'Packing : 60g*48 <br>\r\nN.W./G.W. : 2.9/9.4 <br>\r\nCarton size : 22.8*35*20.5 (0.58)', 'Packing : 60g*48 <br>\r\nN.W./G.W. : 2.9/9.4 <br>\r\nCarton size : 22.8*35*20.5 (0.58)', 'Packing : 60g*48 <br>\r\nN.W./G.W. : 2.9/9.4 <br>\r\nCarton size : 22.8*35*20.5 (0.58)', 0, 0, 'no', 1, 'no', 'approved', 'hot', 3, '2015-04-22 00:00:00', '127.0.0.1', '2015-05-06 00:00:00', '127.0.0.1');
INSERT INTO `product` VALUES (14, 4, 'item', 'พริกไทยtest', 'พริกไทยtest', '1d665b9b1467944c128a5575119d1cfd14.jpg', '1d665b9b1467944c128a5575119d1cfd14.jpg', 'Packing : 60g*48 <br>\r\nN.W./G.W. : 2.9/9.4 <br>\r\nCarton size : 22.8*35*20.5 (0.58)', 'Packing : 60g*48 <br>\r\nN.W./G.W. : 2.9/9.4 <br>\r\nCarton size : 22.8*35*20.5 (0.58)', 'Packing : 60g*48 <br>\r\nN.W./G.W. : 2.9/9.4 <br>\r\nCarton size : 22.8*35*20.5 (0.58)', 'Packing : 60g*48 <br>\r\nN.W./G.W. : 2.9/9.4 <br>\r\nCarton size : 22.8*35*20.5 (0.58)', 0, 0, 'no', 1, 'no', 'approved', 'hot', 2, '2015-04-22 00:00:00', '127.0.0.1', '2015-05-06 00:00:00', '127.0.0.1');
INSERT INTO `product` VALUES (15, 4, 'item', 'พริกไทยtest', 'พริกไทยtest', 'ec6ef230f1828039ee794566b9c58adc15.jpg', 'ec6ef230f1828039ee794566b9c58adc15.jpg', 'Packing : 60g*48 <br>\r\nN.W./G.W. : 2.9/9.4 <br>\r\nCarton size : 22.8*35*20.5 (0.58)', 'Packing : 60g*48 <br>\r\nN.W./G.W. : 2.9/9.4 <br>\r\nCarton size : 22.8*35*20.5 (0.58)', 'Packing : 60g*48 <br>\r\nN.W./G.W. : 2.9/9.4 <br>\r\nCarton size : 22.8*35*20.5 (0.58)', 'Packing : 60g*48 <br>\r\nN.W./G.W. : 2.9/9.4 <br>\r\nCarton size : 22.8*35*20.5 (0.58)', 0, 0, 'no', 1, 'no', 'approved', 'hot', 1, '2015-04-22 00:00:00', '127.0.0.1', '2015-05-06 00:00:00', '127.0.0.1');
INSERT INTO `product` VALUES (16, 1, 'item', 'tse', 'est', 'f763eb1537181ef1c10126ba33195a6916.jpg', 'f763eb1537181ef1c10126ba33195a6916.jpg', 'set', 'set', 'set', 'set', 0, 0, 'no', 1, 'no', 'discard', 'none', 16, '2015-05-04 00:00:00', '127.0.0.1', '2015-05-04 00:00:00', '127.0.0.1');
INSERT INTO `product` VALUES (17, 1, 'item', 'rty', 'rty', '5ef3df8664a2f1d1b4018d5f3126751c17.jpg', 'e44367d9ac5b79fe66d5a123b36eda7917.jpg', 'try', 'try', 'try', 'rty', 0, 0, 'no', 0, 'no', 'discard', 'none', 15, '2015-05-04 00:00:00', '127.0.0.1', '0000-00-00 00:00:00', '000.000.000.000');
INSERT INTO `product` VALUES (18, 1, 'item', 'ret', 'ert', 'e44367d9ac5b79fe66d5a123b36eda7918.jpg', 'e44367d9ac5b79fe66d5a123b36eda7918.jpg', 'vftrev', 'ervt', 'tvre', 'ertv', 0, 0, 'no', 0, 'no', 'discard', 'none', 14, '2015-05-04 00:00:00', '127.0.0.1', '0000-00-00 00:00:00', '000.000.000.000');
INSERT INTO `product` VALUES (19, 1, 'item', 'fgh', 'fgh', 'b021e1686051f3d5b7ae5ad7a6d94bf719.jpg', '351fb39585d5caeda1738acd39533c5919.jpg', 'fgh', 'fgh', 'fgh', 'fgh', 0, 0, 'no', 0, 'no', 'discard', 'none', 13, '2015-05-04 00:00:00', '127.0.0.1', '0000-00-00 00:00:00', '000.000.000.000');
INSERT INTO `product` VALUES (20, 1, 'item', 'sd', 'sd', '5ef3df8664a2f1d1b4018d5f3126751c20.jpg', '5ef3df8664a2f1d1b4018d5f3126751c20.jpg', 'sd', 'ds', 'ds', 'sd', 0, 0, 'no', 0, 'no', 'discard', 'none', 12, '2015-05-04 00:00:00', '127.0.0.1', '0000-00-00 00:00:00', '000.000.000.000');
INSERT INTO `product` VALUES (21, 1, 'item', 'ds', 'sd', 'e44367d9ac5b79fe66d5a123b36eda7921.jpg', 'e44367d9ac5b79fe66d5a123b36eda7921.jpg', 'ds', 'ds', 'ds', 'ds', 0, 0, 'no', 1, 'no', 'discard', 'none', 11, '2015-05-04 00:00:00', '127.0.0.1', '2015-05-04 00:00:00', '127.0.0.1');
INSERT INTO `product` VALUES (22, 1, 'package', 'sd', 'sd', '5ef3df8664a2f1d1b4018d5f3126751c22.jpg', 'f763eb1537181ef1c10126ba33195a6922.jpg', 'ds', 'ds', 'ds', 'ds', 0, 0, 'no', 0, 'no', 'discard', 'none', 10, '2015-05-04 00:00:00', '127.0.0.1', '2015-05-04 00:00:00', '127.0.0.1');
INSERT INTO `product` VALUES (24, 1, 'item', 'ผงน้ำจิ้มแจ่วเผ็ดมาก', 'ผงน้ำจิ้มแจ่วเผ็ดมาก', 'b31cf884554ad575b887f1bc5fc45e8024.jpg', '5ef3df8664a2f1d1b4018d5f3126751c24.jpg', 'Packing : 60 g x 48<br>\r\nN.W./G.W. : 2.9/8.9<br>\r\nCarton size : 22.8*35*20.5 (0.58)', 'Packing : 60 g x 48<br>\r\nN.W./G.W. : 2.9/8.9<br>\r\nCarton size : 22.8*35*20.5 (0.58)', 'Packing : 60 g x 48<br>\r\nN.W./G.W. : 2.9/8.9<br>\r\nCarton size : 22.8*35*20.5 (0.58)', 'Packing : 60 g x 48<br>\r\nN.W./G.W. : 2.9/8.9<br>\r\nCarton size : 22.8*35*20.5 (0.58)', 0, 0, 'no', 0, 'no', 'approved', 'none', 7, '2015-05-04 00:00:00', '127.0.0.1', '2015-05-06 00:00:00', '127.0.0.1');
INSERT INTO `product` VALUES (23, 1, 'item', 'ttt', 'ttt', 'ece18d2b5f25d2b086f287cfb4b1aa5f23.jpg', 'ece18d2b5f25d2b086f287cfb4b1aa5f23.jpg', 'tt', 'ttt', 'ttt', '<sub>ttt</sub>', 0, 0, 'no', 1, 'no', 'discard', 'none', 8, '2015-05-04 00:00:00', '127.0.0.1', '2015-05-04 00:00:00', '127.0.0.1');
INSERT INTO `product` VALUES (25, 1, 'item', 'ผงน้ำจิ้มแจ่วเผ็ดมาก', 'ผงน้ำจิ้มแจ่วเผ็ดมาก', '406f4927322cb192cf396fc6116c6b3125.jpg', 'e44367d9ac5b79fe66d5a123b36eda7925.jpg', 'Packing : 60 g x 48<br>\r\nN.W./G.W. : 2.9/8.9<br>\r\nCarton size : 22.8*35*20.5 (0.58)', 'Packing : 60 g x 48<br>\r\nN.W./G.W. : 2.9/8.9<br>\r\nCarton size : 22.8*35*20.5 (0.58)', 'Packing : 60 g x 48<br>\r\nN.W./G.W. : 2.9/8.9<br>\r\nCarton size : 22.8*35*20.5 (0.58)', 'Packing : 60 g x 48<br>\r\nN.W./G.W. : 2.9/8.9<br>\r\nCarton size : 22.8*35*20.5 (0.58)', 0, 0, 'no', 0, 'no', 'approved', 'none', 6, '2015-05-04 00:00:00', '127.0.0.1', '2015-05-06 00:00:00', '127.0.0.1');
INSERT INTO `product` VALUES (29, 1, 'item', 'ผงน้ำจิ้มแจ่วเผ็ดมาก', 'ผงน้ำจิ้มแจ่วเผ็ดมาก', 'b021e1686051f3d5b7ae5ad7a6d94bf729.jpg', 'b021e1686051f3d5b7ae5ad7a6d94bf729.jpg', 'Packing : 60 g x 48<br>\r\nN.W./G.W. : 2.9/8.9<br>\r\nCarton size : 22.8*35*20.5 (0.58)', 'Packing : 60 g x 48<br>\r\nN.W./G.W. : 2.9/8.9<br>\r\nCarton size : 22.8*35*20.5 (0.58)', 'Packing : 60 g x 48<br>\r\nN.W./G.W. : 2.9/8.9<br>\r\nCarton size : 22.8*35*20.5 (0.58)', 'Packing : 60 g x 48<br>\r\nN.W./G.W. : 2.9/8.9<br>\r\nCarton size : 22.8*35*20.5 (0.58)', 0, 0, 'no', 0, 'no', 'approved', 'none', 2, '2015-05-04 00:00:00', '127.0.0.1', '2015-05-06 00:00:00', '127.0.0.1');
INSERT INTO `product` VALUES (26, 1, 'item', 'ผงน้ำจิ้มแจ่วเผ็ดมาก', 'ผงน้ำจิ้มแจ่วเผ็ดมาก', '1d95d7bb54b825bfed9f3a9c358d97c026.jpg', '5ef3df8664a2f1d1b4018d5f3126751c26.jpg', 'Packing : 60 g x 48<br>\r\nN.W./G.W. : 2.9/8.9<br>\r\nCarton size : 22.8*35*20.5 (0.58)', 'Packing : 60 g x 48<br>\r\nN.W./G.W. : 2.9/8.9<br>\r\nCarton size : 22.8*35*20.5 (0.58)', 'Packing : 60 g x 48<br>\r\nN.W./G.W. : 2.9/8.9<br>\r\nCarton size : 22.8*35*20.5 (0.58)', 'Packing : 60 g x 48<br>\r\nN.W./G.W. : 2.9/8.9<br>\r\nCarton size : 22.8*35*20.5 (0.58)', 0, 0, 'no', 0, 'no', 'approved', 'none', 5, '2015-05-04 00:00:00', '127.0.0.1', '2015-05-06 00:00:00', '127.0.0.1');
INSERT INTO `product` VALUES (30, 1, 'item', 'ผงน้ำจิ้มแจ่วเผ็ดมาก', 'ผงน้ำจิ้มแจ่วเผ็ดมาก', 'f763eb1537181ef1c10126ba33195a6930.jpg', '63d267702937df85fc874b9a8cd1bfb930.jpg', 'Packing : 60 g x 48<br>\r\nN.W./G.W. : 2.9/8.9<br>\r\nCarton size : 22.8*35*20.5 (0.58)', 'Packing : 60 g x 48<br>\r\nN.W./G.W. : 2.9/8.9<br>\r\nCarton size : 22.8*35*20.5 (0.58)', 'Packing : 60 g x 48<br>\r\nN.W./G.W. : 2.9/8.9<br>\r\nCarton size : 22.8*35*20.5 (0.58)', 'Packing : 60 g x 48<br>\r\nN.W./G.W. : 2.9/8.9<br>\r\nCarton size : 22.8*35*20.5 (0.58)', 0, 0, 'no', 0, 'no', 'approved', 'none', 1, '2015-05-04 00:00:00', '127.0.0.1', '2015-05-06 00:00:00', '127.0.0.1');

-- --------------------------------------------------------

-- 
-- Table structure for table `product_category`
-- 

CREATE TABLE `product_category` (
  `category_id` int(11) NOT NULL auto_increment,
  `category_subid` int(11) NOT NULL default '0',
  `category_icon` varchar(255) default NULL,
  `category_title_en` varchar(255) default NULL,
  `category_title_th` varchar(255) NOT NULL default 'Product Category Title',
  `category_sdesc_en` text,
  `category_sdesc_th` text,
  `category_desc_en` text,
  `category_desc_th` text,
  `category_order` int(11) NOT NULL default '0',
  `category_status` enum('approved','pending','discard') NOT NULL default 'approved',
  `category_createdtime` datetime NOT NULL default '0000-00-00 00:00:00',
  `category_createdip` varchar(15) NOT NULL default '000.000.000.000',
  `category_updatedtime` datetime NOT NULL default '0000-00-00 00:00:00',
  `category_updatedip` varchar(15) NOT NULL default '000.000.000.000',
  PRIMARY KEY  (`category_id`),
  KEY `subcategory` (`category_subid`)
) ENGINE=MyISAM  DEFAULT CHARSET=utf8 AUTO_INCREMENT=6 ;

-- 
-- Dumping data for table `product_category`
-- 

INSERT INTO `product_category` VALUES (1, 0, NULL, 'Seasoning', 'Seasoning', NULL, NULL, NULL, NULL, 5, 'approved', '2015-04-22 00:00:00', '127.0.0.1', '0000-00-00 00:00:00', '000.000.000.000');
INSERT INTO `product_category` VALUES (2, 0, NULL, 'Dried fodd stuffs ', 'Dried fodd stuffs ', NULL, NULL, NULL, NULL, 4, 'approved', '2015-04-22 00:00:00', '127.0.0.1', '0000-00-00 00:00:00', '000.000.000.000');
INSERT INTO `product_category` VALUES (3, 0, NULL, ' Pickle', 'Pickle', NULL, NULL, NULL, NULL, 3, 'approved', '2015-04-22 00:00:00', '127.0.0.1', '2015-05-04 00:00:00', '127.0.0.1');
INSERT INTO `product_category` VALUES (4, 0, NULL, 'Sauce & Curry Paste', 'Sauce & Curry Paste', NULL, NULL, NULL, NULL, 2, 'approved', '2015-04-22 00:00:00', '127.0.0.1', '0000-00-00 00:00:00', '000.000.000.000');
INSERT INTO `product_category` VALUES (5, 0, NULL, 'Spice & Herb', 'Spice & Herb', NULL, NULL, NULL, NULL, 1, 'approved', '2015-04-22 00:00:00', '127.0.0.1', '0000-00-00 00:00:00', '000.000.000.000');

-- --------------------------------------------------------

-- 
-- Table structure for table `upload`
-- 

CREATE TABLE `upload` (
  `upload_id` int(11) NOT NULL auto_increment,
  `upload_value` varchar(255) collate utf8_unicode_ci NOT NULL default '-',
  `upload_url` varchar(255) collate utf8_unicode_ci NOT NULL default '-',
  `upload_order` int(11) NOT NULL default '1',
  `upload_status` enum('approved','pending','discard') collate utf8_unicode_ci NOT NULL default 'approved',
  `upload_createdtime` datetime NOT NULL default '0000-00-00 00:00:00',
  `upload_createdip` varchar(15) collate utf8_unicode_ci NOT NULL default '000.000.000.000',
  PRIMARY KEY  (`upload_id`)
) ENGINE=MyISAM  DEFAULT CHARSET=utf8 COLLATE=utf8_unicode_ci AUTO_INCREMENT=8 ;

-- 
-- Dumping data for table `upload`
-- 

INSERT INTO `upload` VALUES (1, '-', '-', 1, 'discard', '2015-04-09 00:00:00', '127.0.0.1');
INSERT INTO `upload` VALUES (2, '229664416f08bb4c461affd2703e32f42.jpg', '../public/upload/picture/229664416f08bb4c461affd2703e32f42.jpg', 1, 'discard', '2015-04-09 00:00:00', '127.0.0.1');
INSERT INTO `upload` VALUES (3, '8a20e734d5ceee878737cb66e7db2ecb3.jpg', 'http://www.nguansoon.com/public/upload/picture/8a20e734d5ceee878737cb66e7db2ecb3.jpg', 1, 'approved', '2015-04-09 00:00:00', '127.0.0.1');
INSERT INTO `upload` VALUES (4, '5384bc24f3978a3a114a64a85dbb34144.jpg', 'http://www.nguansoon.com/public/upload/picture/5384bc24f3978a3a114a64a85dbb34144.jpg', 1, 'approved', '2015-04-23 00:00:00', '127.0.0.1');
INSERT INTO `upload` VALUES (5, '3c15133d6c009ad3863f666130e9268f5.jpg', 'http://www.nguansoon.com/public/upload/picture/3c15133d6c009ad3863f666130e9268f5.jpg', 1, 'approved', '2015-04-23 00:00:00', '127.0.0.1');
INSERT INTO `upload` VALUES (6, '3defa8871467c9e8bd15b076dfbfd4d76.jpg', 'http://www.nguansoon.com/public/upload/picture/3defa8871467c9e8bd15b076dfbfd4d76.jpg', 1, 'approved', '2015-04-23 00:00:00', '127.0.0.1');
INSERT INTO `upload` VALUES (7, 'ebfdb231fb927da7dec168c947d4a32a7.jpg', 'http://www.nguansoon.com/public/upload/picture/ebfdb231fb927da7dec168c947d4a32a7.jpg', 1, 'approved', '2015-04-23 00:00:00', '127.0.0.1');

-- --------------------------------------------------------

-- 
-- Table structure for table `vdo`
-- 

CREATE TABLE `vdo` (
  `vdo_id` int(11) NOT NULL auto_increment,
  `category_id` int(11) NOT NULL default '0',
  `vdo_title` varchar(255) default NULL,
  `vdo_detail` longtext NOT NULL,
  `vdo_value` varchar(255) default NULL,
  `vdo_status` enum('approved','pending','discard') NOT NULL default 'approved',
  `vdo_createdtime` datetime NOT NULL default '0000-00-00 00:00:00',
  `vdo_createdip` varchar(15) NOT NULL default '000.000.000.000',
  `vdo_updatedtime` datetime NOT NULL default '0000-00-00 00:00:00',
  `vdo_updatedip` varchar(15) NOT NULL default '000.000.000.000',
  PRIMARY KEY  (`vdo_id`),
  KEY `category` (`category_id`)
) ENGINE=MyISAM  DEFAULT CHARSET=utf8 AUTO_INCREMENT=3 ;

-- 
-- Dumping data for table `vdo`
-- 

INSERT INTO `vdo` VALUES (1, 2, 'สปอตง่วนสูน ชุด มีมือช่วย', '', '2pzUYEpvtio', 'approved', '2015-04-23 00:00:00', '127.0.0.1', '0000-00-00 00:00:00', '000.000.000.000');
INSERT INTO `vdo` VALUES (2, 1, 'สปอตง่วนสูน ชุด มีมือช่วย about', '', '2pzUYEpvtio', 'approved', '2015-04-23 00:00:00', '127.0.0.1', '0000-00-00 00:00:00', '000.000.000.000');
